,State,LGA,lat,lon
0,Cross River,Calabar Municipal,4.95784,8.331658
1,Cross River,Calabar Municipal,4.963248,8.3361
2,Delta,Ughelli North,5.516544,5.973179
3,Bayelsa,Nembe,4.905981,6.297498
4,Cross River,Calabar Municipal,4.974888,8.352433
5,Cross River,Calabar Municipal,4.972791,8.351241
6,Cross River,Calabar South,4.934694,8.30854
7,Bayelsa,Yenagoa,4.956736,6.35868
8,Bayelsa,Yenagoa,4.959065,6.357416
9,Bayelsa,Yenagoa,4.879225,6.289201
10,Rivers,Obio-Akpor,4.882695,6.905513
11,Bayelsa,Yenagoa,4.946722,6.354176
12,Rivers,Obio-Akpor,4.882737,6.905572
13,Lagos,Ifako-Ijaiye,6.674912,3.351964
14,Ondo,Akure South,7.230754,5.206932
15,Ekiti,Ikere,7.492686,5.173214
16,Ekiti,Ikere,7.49264,5.173258
17,Ekiti,Ikere,7.489911,5.172155
18,Ekiti,Ikere,7.490482,5.171908
19,Ekiti,Ikere,7.489602,5.173196
20,Ekiti,Ikere,7.491893,5.172206
21,Ekiti,Ikere,7.494981,5.175612
22,Ekiti,Ado Ekiti,7.639693,5.208927
23,Ekiti,Ado Ekiti,7.639981,5.208586
24,Ekiti,Ado Ekiti,7.639755,5.20876
25,Ekiti,Ado Ekiti,7.639741,5.208638
26,Oyo,Lagelu,7.421575,3.980349
27,Ekiti,Ikere,7.489907,5.172074
28,Ekiti,Ikere,7.489953,5.173035
29,Ekiti,Ikere,7.49209,5.172202
30,Ekiti,Ikere,7.495155,5.175526
31,Ogun,Abeokuta North,7.143582,3.348243
32,Ekiti,Ado Ekiti,7.584415,5.220744
33,Ekiti,Ado Ekiti,7.581175,5.220199
34,Ekiti,Ado Ekiti,7.580293,5.220088
35,Ekiti,Ado Ekiti,7.581175,5.220199
36,Ekiti,Ado Ekiti,7.63988,5.209183
37,Ekiti,Ado Ekiti,7.583845,5.220423
38,Rivers,Obio-Akpor,4.876008,6.915379
39,Rivers,Emohua,4.833416,6.892848
40,Rivers,Obio-Akpor,4.8196,6.975164
41,Bayelsa,Ogbia,4.838604,6.273442
42,Bayelsa,Ogbia,4.839573,6.273078
43,Bayelsa,Ogbia,4.839578,6.273068
44,Bayelsa,Ogbia,4.82125,6.262698
45,Bayelsa,Ogbia,4.836572,6.271393
46,Bayelsa,Ogbia,4.837108,6.271802
47,Rivers,Obio-Akpor,4.820032,6.97509
48,Cross River,Akpabuyo,4.936349,8.432918
49,Bayelsa,Southern Ijaw,4.898448,6.263146
50,Bayelsa,Ogbia,4.83769,6.27306
51,Cross River,Calabar South,4.934612,8.308573
52,Bayelsa,Southern Ijaw,4.898701,6.262685
53,Cross River,Akpabuyo,4.938321,8.434034
54,Bayelsa,Ogbia,4.83774,6.27303
55,Rivers,Obio-Akpor,4.834378,6.960789
56,Rivers,Emohua,4.832786,6.896909
57,Bayelsa,Kolokuma/Opokuma,4.898384,6.262994
58,Cross River,Akpabuyo,4.936271,8.432459
59,Bayelsa,Southern Ijaw,4.837745,6.273988
60,Rivers,Emohua,4.833481,6.897463
61,Rivers,Emohua,4.833725,6.897718
62,Bayelsa,Southern Ijaw,4.900412,6.267074
63,Cross River,Akpabuyo,4.944885,8.431282
64,Bayelsa,Southern Ijaw,4.900442,6.267073
65,Bayelsa,Southern Ijaw,4.900504,6.267299
66,Bayelsa,Southern Ijaw,4.900529,6.267293
67,Rivers,Obio-Akpor,4.836132,6.960913
68,Cross River,Akpabuyo,4.945172,8.43158
69,Bayelsa,Southern Ijaw,4.900374,6.267347
70,Delta,Isoko North,5.449029,6.104168
71,Rivers,Obio-Akpor,4.83415,6.953295
72,Bayelsa,Southern Ijaw,4.900766,6.267451
73,Bayelsa,Southern Ijaw,4.900881,6.267533
74,Rivers,Obio-Akpor,4.839179,6.949476
75,Cross River,Akpabuyo,4.944193,8.43181
76,Rivers,Obio-Akpor,4.841421,6.947778
77,Cross River,Akpabuyo,4.943728,8.431945
78,Cross River,Akpabuyo,4.944517,8.43114
79,Cross River,Akpabuyo,4.945767,8.431377
80,Cross River,Akpabuyo,4.946221,8.43164
81,Rivers,Emohua,4.83234,6.897823
82,Rivers,Emohua,4.832575,6.899195
83,Rivers,Obio-Akpor,4.842764,6.945326
84,Rivers,Obio-Akpor,4.882222,6.905005
85,Rivers,Obio-Akpor,4.898403,6.906995
86,Ogun,Abeokuta North,7.143589,3.347609
87,Ogun,Abeokuta North,7.143589,3.347612
88,Ogun,Abeokuta North,7.143308,3.348487
89,Ogun,Abeokuta North,7.143996,3.347233
90,Ogun,Abeokuta South,7.145197,3.343609
91,Ogun,Abeokuta North,7.144215,3.347215
92,Ogun,Abeokuta North,7.143537,3.347441
93,Ogun,Abeokuta North,7.144355,3.347023
94,Ogun,Abeokuta North,7.144486,3.346639
95,Oyo,Ibadan North-West,7.390977,3.880319
96,Ogun,Abeokuta South,7.145566,3.343258
97,Oyo,Oluyole,7.337022,3.859009
98,Oyo,Ibadan North-West,7.392647,3.882591
99,Ekiti,Emure,7.563674,5.213199
100,Lagos,Agege,6.622696,3.329546
101,Oyo,Oluyole,7.337645,3.859251
102,Lagos,Ifako-Ijaiye,6.666362,3.322521
103,Ekiti,Ado Ekiti,7.583845,5.220423
104,Ondo,Ondo West,7.109412,4.852692
105,Ekiti,Ado Ekiti,7.614298,5.218139
106,Oyo,Oluyole,7.337796,3.859424
107,Lagos,Ifako-Ijaiye,6.665959,3.322459
108,Lagos,Agege,6.630603,3.32124
109,Oyo,Oluyole,7.338672,3.860551
110,Lagos,Ifako-Ijaiye,6.665997,3.322406
111,Lagos,Agege,6.622696,3.329546
112,Ondo,Ondo West,7.10719,4.852601
113,Ondo,Ondo West,7.107141,4.853321
114,Lagos,Agege,6.630357,3.320483
115,Ogun,Abeokuta North,7.144311,3.34658
116,Ogun,Abeokuta North,7.144745,3.346596
117,Ogun,Abeokuta North,7.144784,3.346305
118,Osun,Ede North,7.757498,4.448482
119,Lagos,Agege,6.618334,3.320686
120,Lagos,Ifako-Ijaiye,6.639048,3.331471
121,Lagos,Ifako-Ijaiye,6.639001,3.331845
122,Lagos,Ifako-Ijaiye,6.638331,3.331075
123,Ogun,Obafemi Owode,7.118728,3.320819
124,Lagos,Alimosho,6.651659,3.270604
125,Lagos,Alimosho,6.612414,3.259685
126,Osun,Irepodun,7.811638,4.478528
127,Osun,Ede North,7.757219,4.447209
128,Lagos,Agege,6.617428,3.321228
129,Lagos,Alimosho,6.63286,3.298598
130,Lagos,Alimosho,6.632968,3.29868
131,Lagos,Alimosho,6.632988,3.299082
132,Lagos,Alimosho,6.633585,3.299375
133,Lagos,Ifako-Ijaiye,6.666516,3.322414
134,Osun,Irepodun,7.823217,4.473378
135,Ekiti,Emure,7.563942,5.2125
136,Ekiti,Emure,7.563959,5.212276
137,Ekiti,Emure,7.563917,5.212551
138,Ekiti,Emure,7.563947,5.212521
139,Ekiti,Emure,7.563933,5.212482
140,Osun,Ede North,7.756925,4.446965
141,Osun,Irepodun,7.823217,4.473378
142,Ondo,Ondo East,7.194233,5.019925
143,Ondo,Ondo East,7.194036,5.020157
144,Ondo,Ondo East,7.193994,5.020049
145,Ondo,Ondo East,7.193698,5.020313
146,Lagos,Agege,6.622814,3.330668
147,Lagos,Ifako-Ijaiye,6.656985,3.32487
148,Lagos,Agege,6.617049,3.321105
149,Lagos,Agege,6.630733,3.320438
150,Lagos,Ifako-Ijaiye,6.63837,3.331388
151,Lagos,Ifako-Ijaiye,6.638257,3.33146
152,Oyo,Ibadan North-West,7.420092,3.84713
153,Lagos,Ifako-Ijaiye,6.66681,3.328628
154,Lagos,Ifako-Ijaiye,6.666766,3.32863
155,Lagos,Agege,6.615175,3.322681
156,Lagos,Ifako-Ijaiye,6.666816,3.328689
157,Ogun,Obafemi Owode,7.119035,3.321065
158,Osun,Ifelodun,7.927391,4.652786
159,Osun,Ifelodun,7.926944,4.652503
160,Lagos,Agege,6.622581,3.330561
161,Osun,Ifelodun,7.928392,4.652415
162,Osun,Ifelodun,7.928572,4.652528
163,Osun,Ifelodun,7.92798,4.651365
164,Osun,Ifelodun,7.941946,4.597298
165,Osun,Ifelodun,7.94193,4.596525
166,Osun,Ifelodun,7.942602,4.595317
167,Lagos,Alimosho,6.612747,3.258751
168,Osun,Irepodun,7.821827,4.476596
169,Oyo,Ibadan North-West,7.421123,3.846478
170,Ondo,Ondo East,7.193619,5.02071
171,Ondo,Ondo East,7.194976,5.019657
172,Ondo,Ondo East,7.194498,5.019952
173,Ondo,Ondo East,7.194498,5.019952
174,Ondo,Ondo East,7.193994,5.020054
175,Ondo,Ondo East,7.191598,5.014833
176,Ondo,Ondo East,7.191598,5.014833
177,Ogun,Obafemi Owode,7.118816,3.320813
178,Lagos,Agege,6.615629,3.323169
179,Lagos,Ifako-Ijaiye,6.666986,3.328627
180,Lagos,Ifako-Ijaiye,6.666927,3.328833
181,Ogun,Abeokuta South,7.149136,3.331846
182,Lagos,Agege,6.630823,3.319788
183,Lagos,Agege,6.617093,3.323166
184,Lagos,Ifako-Ijaiye,6.657224,3.325693
185,Oyo,Ibadan North-West,7.422584,3.846468
186,Lagos,Agege,6.62216,3.330783
187,Osun,Ifelodun,7.819096,4.480151
188,Ogun,Obafemi Owode,7.118738,3.320575
189,Lagos,Ifako-Ijaiye,6.667269,3.328628
190,Ogun,Abeokuta South,7.149261,3.331859
191,Ondo,Ondo West,7.112066,4.85263
192,Ondo,Ondo West,7.112089,4.852493
193,Ondo,Ondo West,7.112075,4.852738
194,Ondo,Ondo West,7.113047,4.852098
195,Ondo,Ondo West,7.111692,4.852342
196,Ondo,Ondo West,7.111246,4.852322
197,Ogun,Abeokuta South,7.149312,3.331946
198,Lagos,Agege,6.614929,3.322549
199,Ogun,Odeda,7.177285,3.387749
200,Lagos,Agege,6.617004,3.324209
201,Ogun,Odeda,7.177869,3.391888
202,Ogun,Abeokuta South,7.149314,3.331798
203,Lagos,Ifako-Ijaiye,6.666514,3.328775
204,Lagos,Ifako-Ijaiye,6.666488,3.328831
205,Lagos,Ifako-Ijaiye,6.666169,3.329082
206,Lagos,Ifako-Ijaiye,6.666108,3.328888
207,Lagos,Alimosho,6.614222,3.259792
208,Osun,Irepodun,7.821414,4.483678
209,Lagos,Agege,6.620506,3.324289
210,Osun,Ede North,7.751534,4.435572
211,Ogun,Obafemi Owode,7.118877,3.32063
212,Lagos,Agege,6.614937,3.323191
213,Lagos,Ifako-Ijaiye,6.658597,3.325369
214,Ekiti,Irepodun/Ifelodun,7.667009,5.12765
215,Osun,Ede North,7.751525,4.435138
216,Osun,Irepodun,7.830876,4.486575
217,Ogun,Obafemi Owode,7.118661,3.321621
218,Lagos,Ifako-Ijaiye,6.656938,3.325573
219,Osun,Irepodun,7.830543,4.485931
220,Ogun,Obafemi Owode,7.094853,3.299879
221,Osun,Ede North,7.752846,4.433808
222,Osun,Atakunmosa East,7.499093,4.824033
223,Ogun,Obafemi Owode,7.07359,3.311985
224,Osun,Ede North,7.754545,4.4336
225,Lagos,Alimosho,6.615963,3.260014
226,Osun,Ede North,7.753542,4.433972
227,Osun,Atakunmosa East,7.499117,4.824044
228,Lagos,Ifako-Ijaiye,6.655209,3.324523
229,Ekiti,Irepodun/Ifelodun,7.666839,5.128011
230,Ekiti,Irepodun/Ifelodun,7.666351,5.128321
231,Ekiti,Irepodun/Ifelodun,7.666088,5.128596
232,Ekiti,Irepodun/Ifelodun,7.665609,5.12858
233,Ekiti,Irepodun/Ifelodun,7.665521,5.128063
234,Lagos,Ifako-Ijaiye,6.640914,3.323557
235,Ogun,Obafemi Owode,7.104207,3.336133
236,Ondo,Ondo West,7.107375,4.853895
237,Ondo,Ondo West,7.107931,4.854696
238,Osun,Atakunmosa East,7.498892,4.823888
239,Ogun,Odeda,7.179098,3.39404
240,Ogun,Odeda,7.178341,3.391793
241,Ogun,Odeda,7.179258,3.393497
242,Ogun,Odeda,7.178823,3.392222
243,Ogun,Odeda,7.179597,3.393472
244,Ogun,Odeda,7.179106,3.392399
245,Ogun,Odeda,7.179658,3.3929
246,Ogun,Odeda,7.179324,3.392322
247,Ogun,Odeda,7.179578,3.392463
248,Ogun,Odeda,7.177856,3.391698
249,Osun,Atakunmosa West,7.498606,4.823694
250,Osun,Atakunmosa East,7.497846,4.823506
251,Osun,Atakunmosa East,7.496557,4.824918
252,Ogun,Obafemi Owode,7.114066,3.338169
253,Osun,Atakunmosa East,7.496072,4.826493
254,Osun,Atakunmosa East,7.495761,4.8275
255,Ogun,Abeokuta South,7.144331,3.377124
256,Ogun,Obafemi Owode,7.117685,3.323225
257,Ogun,Abeokuta South,7.144458,3.377394
258,Ogun,Obafemi Owode,7.116757,3.323698
259,Lagos,Alimosho,6.655636,3.272334
260,Lagos,Alimosho,6.65611,3.273797
261,Lagos,Alimosho,6.655635,3.276339
262,Lagos,Alimosho,6.648743,3.270762
263,Lagos,Alimosho,6.648379,3.266223
264,Lagos,Alimosho,6.647211,3.27417
265,Lagos,Alimosho,6.650166,3.269502
266,Lagos,Alimosho,6.647574,3.269007
267,Lagos,Alimosho,6.64798,3.267996
268,Ekiti,Ekiti South-West,7.597176,5.105273
269,Ekiti,Ijero,7.813428,5.067062
270,Ekiti,Ekiti South-West,7.597176,5.105273
271,Ekiti,Ijero,7.813812,5.066794
272,Ekiti,Ekiti South-West,7.597176,5.105273
273,Ondo,Ile-Oluji/Okeigbo,7.206267,4.868318
274,Ondo,Ile-Oluji/Okeigbo,7.206223,4.868431
275,Ondo,Ile-Oluji/Okeigbo,7.206235,4.868377
276,Ondo,Ile-Oluji/Okeigbo,7.206178,4.86823
277,Ondo,Ile-Oluji/Okeigbo,7.206112,4.868191
278,Ondo,Ile-Oluji/Okeigbo,7.206097,4.868173
279,Lagos,Kosofe,6.587333,3.382242
280,Lagos,Kosofe,6.595814,3.389904
281,Lagos,Kosofe,6.585846,3.381982
282,Lagos,Kosofe,6.585866,3.382031
283,Lagos,Kosofe,6.585829,3.382032
284,Ekiti,Ijero,7.814064,5.066531
285,Ekiti,Ekiti South-West,7.597363,5.104395
286,Ekiti,Ijero,7.814225,5.06631
287,Ekiti,Ekiti South-West,7.597203,5.104182
288,Ekiti,Ijero,7.814334,5.066115
289,Ekiti,Ekiti South-West,7.596604,5.103971
290,Lagos,Kosofe,6.585869,3.382097
291,Ondo,Akoko South-West,7.462458,5.73337
292,Lagos,Kosofe,6.59833,3.39062
293,Lagos,Oshodi-Isolo,6.570579,3.344344
294,Ogun,Yewa South,6.898881,3.022226
295,Lagos,Ikeja,6.59977,3.337857
296,Lagos,Ikeja,6.600304,3.338165
297,Lagos,Ikeja,6.599718,3.338745
298,Lagos,Oshodi-Isolo,6.55424,3.333002
299,Lagos,Kosofe,6.598524,3.391862
300,Osun,Orolu,7.863171,4.479171
301,Lagos,Ikeja,6.598844,3.338307
302,Ogun,Yewa South,6.898845,3.022228
303,Ogun,Yewa South,7.16314,3.315064
304,Lagos,Ikeja,6.598766,3.336789
305,Ekiti,Emure,7.563681,5.213221
306,Ekiti,Emure,7.563712,5.213174
307,Ekiti,Emure,7.563746,5.213188
308,Ekiti,Emure,7.563753,5.213196
309,Ekiti,Ekiti South-West,7.597064,5.106238
310,Ekiti,Ekiti South-West,7.596722,5.106404
311,Ekiti,Ekiti South-West,7.612424,5.129079
312,Ekiti,Ekiti South-West,7.612563,5.129526
313,Ekiti,Ekiti South-West,7.612682,5.129848
314,Osun,Ede North,7.679254,4.46188
315,Ogun,Yewa South,6.899884,3.022497
316,Lagos,Oshodi-Isolo,6.557287,3.347356
317,Ogun,Yewa South,7.16319,3.315057
318,Osun,Orolu,7.859789,4.478206
319,Ondo,Akoko North-East,7.524561,5.752608
320,Ondo,Akoko North-East,7.524698,5.752616
321,Ondo,Akoko North-East,7.525019,5.753512
322,Ondo,Akoko North-East,7.525019,5.753512
323,Ondo,Akoko North-East,7.525445,5.75375
324,Lagos,Oshodi-Isolo,6.554812,3.332963
325,Lagos,Kosofe,6.600859,3.384535
326,Lagos,Kosofe,6.600813,3.384304
327,Lagos,Kosofe,6.600714,3.384032
328,Lagos,Kosofe,6.600647,3.383751
329,Lagos,Kosofe,6.600566,3.383455
330,Ogun,Yewa South,7.163271,3.315156
331,Lagos,Kosofe,6.610883,3.373641
332,Lagos,Kosofe,6.610829,3.373604
333,Lagos,Kosofe,6.610841,3.373569
334,Lagos,Kosofe,6.610749,3.373805
335,Lagos,Kosofe,6.610743,3.373808
336,Ondo,Akoko South-East,7.45573,5.816039
337,Ondo,Akoko South-East,7.454757,5.81557
338,Ondo,Akoko South-East,7.454672,5.815286
339,Ondo,Akoko South-East,7.454539,5.816198
340,Ondo,Akoko South-East,7.454296,5.815821
341,Osun,Ede South,7.678915,4.460928
342,Ogun,Yewa South,6.899884,3.022497
343,Lagos,Alimosho,6.673678,3.271281
344,Lagos,Ifako-Ijaiye,6.671915,3.329852
345,Lagos,Ifako-Ijaiye,6.672286,3.329109
346,Lagos,Ifako-Ijaiye,6.672569,3.328822
347,Lagos,Kosofe,6.597768,3.391835
348,Osun,Orolu,7.859789,4.478206
349,Lagos,Oshodi-Isolo,6.569713,3.345013
350,Ondo,Akoko North-West,7.560399,5.782281
351,Ondo,Akoko North-West,7.560419,5.782484
352,Ondo,Akoko North-West,7.560399,5.782278
353,Ondo,Akoko North-West,7.558112,5.784471
354,Ondo,Akoko North-West,7.559132,5.783813
355,Ogun,Yewa South,7.163169,3.315069
356,Ogun,Yewa South,7.163246,3.315072
357,Lagos,Oshodi-Isolo,6.550587,3.336058
358,Osun,Ede South,7.679186,4.460412
359,Ogun,Yewa South,6.904345,3.023844
360,Lagos,Oshodi-Isolo,6.568568,3.344065
361,Oyo,Orelope,8.832404,3.758007
362,Lagos,Oshodi-Isolo,6.559325,3.347711
363,Ekiti,Irepodun/Ifelodun,7.659451,5.157993
364,Lagos,Alimosho,6.674722,3.271098
365,Oyo,Ogo Oluwa,7.933569,4.122473
366,Lagos,Oshodi-Isolo,6.555073,3.333561
367,Oyo,Iseyin,7.945823,3.620827
368,Lagos,Oshodi-Isolo,6.569955,3.343035
369,Ekiti,Irepodun/Ifelodun,7.659332,5.157572
370,Lagos,Ikeja,6.598147,3.341161
371,Ogun,Yewa South,6.900422,3.023062
372,Lagos,Ikeja,6.599624,3.340815
373,Lagos,Ikeja,6.597527,3.342168
374,Osun,Orolu,7.858799,4.475631
375,Oyo,Ogo Oluwa,7.932066,4.124163
376,Oyo,Olorunsogo,8.72689,4.161694
377,Oyo,Iseyin,7.945852,3.620795
378,Oyo,Ibadan North-East,7.390663,3.936682
379,Oyo,Orelope,8.833633,3.763494
380,Lagos,Oshodi-Isolo,6.558462,3.349402
381,Lagos,Oshodi-Isolo,6.57134,3.342577
382,Ogun,Yewa South,6.885949,3.000541
383,Osun,Orolu,7.859789,4.478206
384,Oyo,Ibadan North-East,7.395127,3.938486
385,Osun,Ede North,7.72457,4.441217
386,Oyo,Iseyin,7.945753,3.621705
387,Oyo,Olorunsogo,8.726274,4.163126
388,Osun,Boripe,7.805222,4.622668
389,Osun,Boripe,7.802614,4.625809
390,Osun,Boripe,7.820143,4.622529
391,Osun,Boripe,7.89097,4.674448
392,Osun,Boripe,7.890965,4.675361
393,Osun,Boripe,7.891213,4.677316
394,Osun,Boripe,7.892753,4.676953
395,Lagos,Ifako-Ijaiye,6.67301,3.329003
396,Lagos,Ifako-Ijaiye,6.672235,3.330385
397,Lagos,Ifako-Ijaiye,6.672333,3.330213
398,Lagos,Ifako-Ijaiye,6.672293,3.330201
399,Lagos,Alimosho,6.675518,3.271177
400,Lagos,Oshodi-Isolo,6.552926,3.332812
401,Oyo,Ogo Oluwa,7.932449,4.124788
402,Oyo,Ibadan North-East,7.395124,3.938526
403,Ekiti,Irepodun/Ifelodun,7.658761,5.156905
404,Ogun,Yewa South,6.885873,3.001653
405,Lagos,Ikeja,6.574289,3.369458
406,Lagos,Ikeja,6.573675,3.37205
407,Lagos,Ikeja,6.573669,3.372077
408,Lagos,Ikeja,6.573621,3.371901
409,Lagos,Ikeja,6.573799,3.372025
410,Lagos,Ikeja,6.573804,3.370886
411,Oyo,Olorunsogo,8.732222,4.153282
412,Oyo,Iseyin,7.947998,3.618799
413,Ekiti,Irepodun/Ifelodun,7.658588,5.157024
414,Lagos,Oshodi-Isolo,6.558241,3.349253
415,Oyo,Ido,7.382301,3.823701
416,Oyo,Ibadan North-East,7.401322,3.94465
417,Oyo,Olorunsogo,8.732768,4.155096
418,Oyo,Orelope,8.840438,3.788465
419,Oyo,Iseyin,7.947863,3.618566
420,Ogun,Yewa South,6.885822,3.001659
421,Osun,Ede North,7.724544,4.44048
422,Oyo,Ido,7.381492,3.820851
423,Oyo,Ido,7.382125,3.821789
424,Ogun,Yewa North,7.142393,3.34651
425,Oyo,Ido,7.381486,3.821486
426,Oyo,Ido,7.381824,3.821486
427,Oyo,Ido,7.381824,3.821486
428,Oyo,Ido,7.38147,3.823394
429,Oyo,Ido,7.380356,3.821225
430,Oyo,Ido,7.379833,3.817672
431,Oyo,Ido,7.380356,3.821225
432,Oyo,Iseyin,7.948712,3.617805
433,Ogun,Yewa North,7.142621,3.346408
434,Osun,Orolu,7.847631,4.50525
435,Oyo,Olorunsogo,8.733444,4.158059
436,Lagos,Oshodi-Isolo,6.557487,3.348386
437,Ogun,Yewa South,6.886075,3.003346
438,Ogun,Yewa North,7.142306,3.346366
439,Oyo,Ogo Oluwa,7.932085,4.126176
440,Oyo,Olorunsogo,8.738153,4.150265
441,Osun,Ede South,7.724667,4.441416
442,Ogun,Yewa South,6.886461,3.004487
443,Osun,Orolu,7.860406,4.484
444,Ondo,Akoko South-West,7.462494,5.73313
445,Ondo,Akoko South-West,7.462721,5.732753
446,Ondo,Akoko South-West,7.463112,5.732983
447,Ondo,Akoko South-West,7.462771,5.732284
448,Ondo,Akoko South-West,7.462436,5.731895
449,Ogun,Yewa North,7.142586,3.346376
450,Oyo,Iseyin,7.968405,3.597976
451,Lagos,Ikeja,6.597527,3.342168
452,Lagos,Ikeja,6.597527,3.342168
453,Ogun,Yewa North,7.14262,3.346179
454,Oyo,Ogo Oluwa,7.93117,4.12683
455,Ogun,Yewa South,6.890369,3.012442
456,Oyo,Iseyin,7.968865,3.5979
457,Oyo,Orelope,8.8264,3.748539
458,Osun,Orolu,7.847631,4.50525
459,Ogun,Yewa North,7.142479,3.346295
460,Ogun,Yewa North,7.142399,3.346473
461,Oyo,Ibadan North-East,7.395125,3.938525
462,Oyo,Iseyin,7.969364,3.597256
463,Oyo,Ibadan North-East,7.401322,3.94465
464,Oyo,Ibadan North-East,7.402213,3.943418
465,Oyo,Ibadan North-East,7.403892,3.944422
466,Oyo,Ogo Oluwa,7.931417,4.12687
467,Oyo,Oluyole,7.318966,3.849281
468,Oyo,Orelope,8.826259,3.746443
469,Oyo,Oluyole,7.319027,3.849316
470,Oyo,Olorunsogo,8.759505,4.154482
471,Oyo,Olorunsogo,8.759512,4.154457
472,Oyo,Olorunsogo,8.759577,4.154419
473,Oyo,Ibadan North-East,7.407903,3.943866
474,Oyo,Iseyin,7.969503,3.598046
475,Lagos,Ikeja,6.598491,3.336456
476,Oyo,Oluyole,7.318278,3.849224
477,Ekiti,Ijero,7.813226,5.067222
478,Ogun,Yewa North,7.142597,3.346228
479,Oyo,Ogo Oluwa,7.928327,4.132008
480,Oyo,Orelope,8.691802,4.143668
481,Ogun,Yewa North,7.142375,3.346378
482,Ondo,Ile-Oluji/Okeigbo,7.206036,4.868156
483,Ondo,Ile-Oluji/Okeigbo,7.205968,4.86793
484,Ondo,Ile-Oluji/Okeigbo,7.206036,4.868197
485,Ondo,Ile-Oluji/Okeigbo,7.206115,4.86804
486,Oyo,Ogo Oluwa,7.928376,4.133607
487,Ekiti,Ijero,7.813558,5.066978
488,Ekiti,Ijero,7.813791,5.0668
489,Ekiti,Ijero,7.814214,5.066316
490,Ekiti,Ijero,7.814389,5.066055
491,Ekiti,Ijero,7.816275,5.070131
492,Oyo,Orelope,8.834441,3.740608
493,Ogun,Yewa North,7.14234,3.346081
494,Lagos,Agege,6.623657,3.320872
495,Oyo,Orelope,8.857652,3.76133
496,Oyo,Ogo Oluwa,7.928278,4.13479
497,Oyo,Orelope,8.85763,3.761301
498,Oyo,Saki East,8.633583,3.606531
499,Oyo,Saki East,8.633565,3.606525
500,Oyo,Ibarapa Central,7.435116,3.284881
501,Oyo,Saki East,8.626951,3.615502
502,Oyo,Saki East,8.626722,3.614528
503,Oyo,Saki East,8.622708,3.614568
504,Lagos,Ikeja,6.634937,3.340506
505,Lagos,Ikeja,6.637074,3.341569
506,Lagos,Ikeja,6.641261,3.344293
507,Lagos,Ikeja,6.640643,3.344455
508,Ogun,Yewa North,7.142393,3.346485
509,Ogun,Yewa North,7.14252,3.346458
510,Lagos,Agege,6.624552,3.319534
511,Ogun,Yewa North,7.14252,3.346458
512,Lagos,Agege,6.624552,3.319534
513,Lagos,Alimosho,6.676137,3.272173
514,Lagos,Alimosho,6.676287,3.271885
515,Lagos,Alimosho,6.63293,3.339532
516,Lagos,Ikeja,6.633293,3.339175
517,Lagos,Ikeja,6.63366,3.338756
518,Lagos,Ikeja,6.62985,3.342559
519,Lagos,Ikeja,6.629726,3.342677
520,Oyo,Orire,8.243491,4.171483
521,Oyo,Orire,8.22852,4.167808
522,Oyo,Orire,8.225518,4.165954
523,Oyo,Orire,8.233409,4.171283
524,Lagos,Agege,6.626691,3.31787
525,Oyo,Orire,8.22832,4.169087
526,Lagos,Agege,6.623627,3.300351
527,Oyo,Orire,8.220424,4.169716
528,Lagos,Agege,6.627387,3.320404
529,Cross River,Calabar South,4.93448,8.310044
530,Akwa-Ibom,Itu,5.052989,7.921706
531,Akwa-Ibom,Itu,5.054352,7.916756
532,Delta,Ughelli North,5.517556,5.969875
533,Edo,Ikpoba Okha,6.306289,5.671926
534,Bayelsa,Sagbama,5.157794,6.198255
535,Edo,Uhunmwonde,6.378732,5.736653
536,Edo,Ikpoba Okha,6.307863,5.670931
537,Edo,Ikpoba Okha,6.308925,5.672913
538,Bayelsa,Sagbama,5.157794,6.198255
539,Delta,Ughelli North,5.520054,5.98111
540,Edo,Ikpoba Okha,6.308278,5.671598
541,Edo,Ikpoba Okha,6.307864,5.670932
542,Edo,Uhunmwonde,6.37862,5.736419
543,Rivers,Eleme,4.792622,7.111324
544,Delta,Ughelli North,5.520054,5.98111
545,Bayelsa,Sagbama,5.157794,6.198255
546,Rivers,Ogba-Egbema-Ndoni,5.299095,6.618936
547,Edo,Ovia North-East,6.408343,5.618854
548,Bayelsa,Sagbama,5.157794,6.198255
549,Bayelsa,Ogbia,4.837712,6.273635
550,Edo,Uhunmwonde,6.37837,5.735831
551,Edo,Ikpoba Okha,6.304027,5.666995
552,Bayelsa,Ekeremor,5.052642,5.773589
553,Edo,Ikpoba Okha,6.303302,5.672913
554,Rivers,Ogba-Egbema-Ndoni,5.299336,6.619187
555,Delta,Ughelli North,5.503448,5.981778
556,Rivers,Emohua,4.91949,6.790421
557,Rivers,Emohua,4.919795,6.790321
558,Edo,Ikpoba Okha,6.303668,5.669666
559,Rivers,Ahoada West,5.087958,6.469688
560,Bayelsa,Sagbama,5.157794,6.198255
561,Bayelsa,Ekeremor,5.054791,5.773693
562,Rivers,Ogba-Egbema-Ndoni,5.299595,6.619534
563,Rivers,Emohua,4.92031,6.790445
564,Rivers,Emohua,4.920321,6.790827
565,Bayelsa,Ekeremor,5.054791,5.773693
566,Delta,Uvwie,5.56801,5.811519
567,Bayelsa,Sagbama,5.157794,6.198255
568,Bayelsa,Sagbama,5.157794,6.198255
569,Bayelsa,Sagbama,5.157794,6.198255
570,Akwa-Ibom,Itu,5.054409,7.918479
571,Edo,Ovia North-East,6.407913,5.618357
572,Rivers,Ogba-Egbema-Ndoni,5.299944,6.620322
573,Delta,Uvwie,5.567152,5.810715
574,Edo,Uhunmwonde,6.378224,5.735548
575,Bayelsa,Ekeremor,5.054791,5.773693
576,Edo,Ovia North-East,6.408467,5.618993
577,Edo,Ovia North-East,6.407913,5.618357
578,Bayelsa,Ekeremor,5.054791,5.773693
579,Rivers,Ahoada West,5.087949,6.469712
580,Bayelsa,Ekeremor,5.054791,5.773693
581,Rivers,Abua-Odual,4.813793,6.653484
582,Delta,Isoko North,5.450352,6.102181
583,Rivers,Ogba-Egbema-Ndoni,5.300275,6.620792
584,Edo,Ovia North-East,6.488932,5.580958
585,Delta,Uvwie,5.566946,5.810549
586,Delta,Isoko North,5.452341,6.09887
587,Rivers,Emohua,4.919353,6.78983
588,Rivers,Emohua,4.918945,6.790651
589,Bayelsa,Ekeremor,5.054791,5.773693
590,Delta,Uvwie,5.566413,5.810322
591,Edo,Ovia North-East,6.489178,5.582093
592,Delta,Isoko North,5.450352,6.102181
593,Akwa-Ibom,Itu,5.053232,7.922339
594,Rivers,Ogba-Egbema-Ndoni,5.300533,6.621081
595,Cross River,Calabar South,4.936825,8.321017
596,Delta,Isoko North,5.450352,6.102181
597,Delta,Isoko North,5.450352,6.102181
598,Delta,Isoko North,5.452341,6.09887
599,Rivers,Obio-Akpor,5.082526,6.6572
600,Rivers,Ahoada West,5.087544,6.470924
601,Bayelsa,Ekeremor,5.053386,5.770857
602,Rivers,Abua-Odual,4.802486,6.662098
603,Rivers,Ahoada East,5.082498,6.657501
604,Rivers,Omuma,5.751418,6.955129
605,Rivers,Ahoada West,5.088313,6.471004
606,Bayelsa,Ekeremor,5.053516,5.776639
607,Rivers,Omuma,5.749531,6.954159
608,Rivers,Ahoada West,5.089406,6.47213
609,Rivers,Abua-Odual,4.799199,6.657275
610,Rivers,Ahoada East,5.082866,6.657118
611,Rivers,Ahoada East,5.083226,6.657297
612,Rivers,Ahoada East,5.083392,6.657417
613,Rivers,Abua-Odual,4.798113,6.662747
614,Rivers,Abua-Odual,4.795667,6.663593
615,Rivers,Omuma,5.747573,6.952376
616,Rivers,Omuma,5.755441,6.954278
617,Rivers,Omuma,5.756158,6.937755
618,Rivers,Omuma,5.759979,6.947377
619,Rivers,Abua-Odual,4.792903,6.667375
620,Cross River,Calabar Municipal,5.034669,8.353584
621,Cross River,Calabar Municipal,5.034757,8.343926
622,Cross River,Calabar Municipal,5.081313,8.356594
623,Cross River,Calabar Municipal,5.079356,8.355679
624,Cross River,Calabar Municipal,5.079109,8.355427
625,Cross River,Calabar Municipal,5.081635,8.356594
626,Cross River,Calabar Municipal,5.081313,8.356594
627,Cross River,Calabar Municipal,5.080069,8.35599
628,Akwa-Ibom,Uyo,5.024474,7.95537
629,Akwa-Ibom,Uyo,5.024572,7.955475
630,Akwa-Ibom,Uyo,5.041299,7.976486
631,Akwa-Ibom,Uyo,5.026513,7.977498
632,Akwa-Ibom,Uyo,5.028726,7.955137
633,Akwa-Ibom,Uyo,5.024631,7.956378
634,Akwa-Ibom,Itu,5.027583,7.948193
635,Akwa-Ibom,Uyo,5.027441,7.949921
636,Akwa-Ibom,Uyo,5.032599,7.931444
637,Akwa-Ibom,Itu,5.036687,7.878793
638,Akwa-Ibom,Itu,5.042898,7.877621
639,Akwa-Ibom,Uyo,5.032212,7.926302
640,Akwa-Ibom,Uyo,5.029995,7.926102
641,Akwa-Ibom,Uyo,5.023519,7.939652
642,Akwa-Ibom,Uyo,5.003412,7.94577
643,Akwa-Ibom,Uyo,5.004772,7.944436
644,Akwa-Ibom,Uyo,4.989165,7.971036
645,Akwa-Ibom,Uyo,4.989165,7.971036
646,Akwa-Ibom,Uyo,4.989137,7.97342
647,Akwa-Ibom,Uyo,4.989165,7.971036
648,Akwa-Ibom,Uyo,4.989165,7.971036
649,Akwa-Ibom,Ibesikpo Asutan,4.980809,7.902948
650,Akwa-Ibom,Ibesikpo Asutan,4.980807,7.903041
651,Akwa-Ibom,Ibesikpo Asutan,4.979661,7.903952
652,Akwa-Ibom,Ibesikpo Asutan,4.980199,7.903322
653,Akwa-Ibom,Ibesikpo Asutan,4.980102,7.904136
654,Oyo,Orire,8.246224,4.169238
655,Oyo,Orire,8.244107,4.169061
656,Oyo,Orire,8.242471,4.169238
657,Ogun,Ifo,6.814944,3.19305
658,Lagos,Alimosho,6.597527,3.342168
659,Lagos,Alimosho,6.597527,3.342168
660,Lagos,Alimosho,6.597527,3.342168
661,Lagos,Ikeja,6.597527,3.342168
662,Ogun,Ifo,6.814635,3.192173
663,Ogun,Ifo,6.814469,3.191203
664,Ogun,Ifo,6.814698,3.190122
665,Ogun,Ifo,6.815026,3.190178
666,Ogun,Ifo,6.815307,3.190262
667,Ogun,Ifo,6.815513,3.19082
668,Oyo,Ibadan South-West,7.348744,3.878443
669,Ogun,Ifo,6.813423,3.193067
670,Oyo,Ibadan South-West,7.349432,3.877483
671,Oyo,Ibadan South-West,7.349627,3.877009
672,Ogun,Ifo,6.813198,3.193139
673,Oyo,Ibadan South-West,7.350542,3.87719
674,Ogun,Ifo,6.813332,3.194069
675,Oyo,Ibadan South-West,7.349568,3.875582
676,Oyo,Ibadan South-West,7.348663,3.874163
677,Ekiti,Ikole,7.797475,5.521737
678,Ogun,Ifo,6.814522,3.196271
679,Oyo,Ibadan South-West,7.348668,3.873969
680,Ogun,Ifo,6.821878,3.193987
681,Oyo,Ibadan South-West,7.373403,3.881617
682,Oyo,Ibadan South-West,7.374962,3.881269
683,Oyo,Ibadan South-West,7.375645,3.881317
684,Ekiti,Ikole,7.797562,5.522081
685,Ekiti,Ido Osi,7.841801,5.179945
686,Ekiti,Ikole,7.797606,5.522447
687,Ekiti,Ido Osi,7.841887,5.179455
688,Ekiti,Ido Osi,7.841847,5.179088
689,Ekiti,Ikole,7.797727,5.522876
690,Oyo,Saki East,8.64997,3.566754
691,Oyo,Saki East,8.648306,3.567414
692,Ekiti,Ido Osi,7.841847,5.179088
693,Ekiti,Ikole,7.637939,5.207911
694,Oyo,Saki East,8.652895,3.564423
695,Oyo,Saki West,8.671811,3.395225
696,Ekiti,Ido Osi,7.841847,5.179088
697,Ekiti,Ikole,7.615743,5.222713
698,Oyo,Saki East,8.622464,3.618036
699,Ekiti,Ido Osi,7.844559,5.178885
700,Ekiti,Ikole,7.798771,5.523311
701,Ekiti,Ikole,7.812175,5.563102
702,Ondo,Akoko South-East,7.455678,5.815289
703,Ondo,Akoko South-East,7.455417,5.814823
704,Ondo,Akoko South-East,7.455703,5.814806
705,Ondo,Akoko South-East,7.45546,5.814332
706,Ondo,Akoko South-East,7.455621,5.813724
707,Oyo,Ibarapa Central,7.369627,3.225828
708,Oyo,Ibarapa Central,7.370938,3.236904
709,Oyo,Ibarapa Central,7.370914,3.23695
710,Oyo,Ibarapa Central,7.382008,3.258051
711,Oyo,Ibarapa Central,7.384761,3.242245
712,Oyo,Ibarapa Central,7.31902,3.264526
713,Oyo,Ibarapa Central,7.300152,3.263905
714,Oyo,Ibarapa Central,7.300187,3.263901
715,Ondo,Akoko North-West,7.560185,5.781726
716,Ondo,Akoko North-West,7.559132,5.783813
717,Ondo,Akoko North-West,7.559132,5.783813
718,Ondo,Akoko North-West,7.558973,5.780167
719,Oyo,Atisbo,8.567118,3.44454
720,Ekiti,Ikole,7.811961,5.563377
721,Oyo,Atisbo,8.567067,3.446192
722,Ekiti,Ikole,7.811792,5.563574
723,Ekiti,Ikole,7.812225,5.563313
724,Oyo,Atisbo,8.569235,3.444188
725,Oyo,Saki West,8.671279,3.394884
726,Oyo,Atisbo,8.566538,3.449995
727,Ekiti,Oye,7.799507,5.32951
728,Ekiti,Oye,7.79961,5.329231
729,Ekiti,Oye,7.79976,5.32894
730,Ekiti,Oye,7.799961,5.328499
731,Ekiti,Oye,7.800277,5.328014
732,Ekiti,Oye,7.800461,5.327739
733,Oyo,Saki West,8.670414,3.394573
734,Oyo,Atisbo,8.561272,3.446054
735,Oyo,Saki West,8.6706,3.394096
736,Ondo,Akoko North-East,7.525777,5.752631
737,Ondo,Akoko North-East,7.526135,5.755492
738,Ondo,Akoko North-East,7.525491,5.753187
739,Ondo,Akoko North-East,7.526148,5.754504
740,Ondo,Akoko North-East,7.524761,5.757467
741,Oyo,Saki West,8.670773,3.393758
742,Ondo,Akoko North-West,7.587218,5.812187
743,Ondo,Akoko North-West,7.585995,5.813043
744,Ondo,Akoko South-West,7.462871,5.73403
745,Ondo,Akoko South-West,7.463162,5.734119
746,Ondo,Akoko South-West,7.46276,5.734215
747,Ondo,Akoko South-West,7.462203,5.734603
748,Ondo,Akoko South-West,7.462405,5.734963
749,Rivers,Okirika,4.750177,7.101057
750,Rivers,Okirika,4.750462,7.101629
751,Rivers,Ikwerre,4.958845,7.025014
752,Edo,Uhunmwonde,6.376771,5.737129
753,Edo,Uhunmwonde,6.375563,5.735897
754,Rivers,Okirika,4.750959,7.101703
755,Rivers,Okirika,4.751065,7.102225
756,Rivers,Okirika,4.750095,7.101804
757,Rivers,Okirika,4.750496,7.100355
758,Rivers,Ogba-Egbema-Ndoni,5.332299,6.634103
759,Edo,Uhunmwonde,6.374956,5.735402
760,Rivers,Ogba-Egbema-Ndoni,5.331671,6.633894
761,Edo,Oredo,6.328697,5.627543
762,Edo,Oredo,6.328368,5.627119
763,Rivers,Ogba-Egbema-Ndoni,5.330889,6.63333
764,Rivers,Ikwerre,4.955946,7.016474
765,Edo,Uhunmwonde,6.374863,5.734826
766,Edo,Oredo,6.32894,5.62723
767,Edo,Oredo,6.328242,5.627246
768,Edo,Oredo,6.327959,5.626245
769,Rivers,Ogba-Egbema-Ndoni,5.330889,6.63333
770,Edo,Uhunmwonde,6.374139,5.733982
771,Edo,Oredo,6.328941,5.627231
772,Rivers,Ikwerre,4.957651,7.020856
773,Edo,Oredo,6.328655,5.626292
774,Edo,Ovia South-West,6.465293,5.31051
775,Rivers,Ikwerre,4.960529,7.018144
776,Edo,Oredo,6.328595,5.627536
777,Edo,Oredo,6.32684,5.627002
778,Edo,Oredo,6.326825,5.627005
779,Rivers,Ogba-Egbema-Ndoni,5.329508,6.634183
780,Rivers,Ikwerre,4.956303,7.01618
781,Edo,Ovia South-West,6.466105,5.312524
782,Rivers,Ikwerre,4.955411,7.018243
783,Rivers,Ogba-Egbema-Ndoni,5.330326,6.63494
784,Rivers,Port Harcourt,4.795601,6.993233
785,Edo,Ovia South-West,6.466105,5.312524
786,Edo,Ovia South-West,6.466187,5.313463
787,Edo,Ovia South-West,6.466187,5.313463
788,Rivers,Port Harcourt,4.795574,6.99318
789,Rivers,Ahoada West,5.092404,6.474742
790,Rivers,Ahoada East,5.068464,6.648578
791,Rivers,Ahoada East,5.068369,6.648508
792,Rivers,Omuma,5.875088,6.894783
793,Rivers,Ahoada East,5.068307,6.648449
794,Rivers,Ahoada West,5.882864,6.883008
795,Akwa-Ibom,Oron,4.804491,8.225645
796,Akwa-Ibom,Oron,4.804451,8.225628
797,Akwa-Ibom,Oron,4.803555,8.239854
798,Akwa-Ibom,Oron,4.80391,8.240006
799,Akwa-Ibom,Oron,4.806554,8.238912
800,Akwa-Ibom,Oron,4.809857,8.234896
801,Akwa-Ibom,Oron,4.804993,8.221234
802,Akwa-Ibom,Oron,4.804548,8.225797
803,Rivers,Omuma,5.792982,6.983212
804,Rivers,Ahoada West,5.092353,6.474878
805,Rivers,Ahoada East,5.075048,6.655525
806,Rivers,Ahoada West,5.09228,6.475082
807,Rivers,Omuma,5.790555,7.013833
808,Rivers,Port Harcourt,4.795394,6.993067
809,Rivers,Port Harcourt,4.795384,6.992937
810,Rivers,Port Harcourt,4.795205,6.99305
811,Rivers,Port Harcourt,4.795351,6.992825
812,Rivers,Asari Toru,5.075048,6.655525
813,Rivers,Ahoada West,5.092462,6.474746
814,Rivers,Ahoada East,5.075161,6.655409
815,Rivers,Ahoada East,5.075017,6.654959
816,Rivers,Ahoada West,5.09238,6.475304
817,Rivers,Ahoada West,5.092679,6.475024
818,Rivers,Ahoada West,5.087993,6.470337
819,Rivers,Degema,4.746334,6.766695
820,Rivers,Degema,4.74643,6.766976
821,Rivers,Degema,4.746679,6.766934
822,Rivers,Degema,4.746525,6.766584
823,Rivers,Degema,4.746408,6.767633
824,Rivers,Degema,4.746727,6.767854
825,Rivers,Degema,4.749772,6.766461
826,Rivers,Degema,4.750204,6.766724
827,Rivers,Degema,4.750242,6.767009
828,Rivers,Degema,4.751129,6.767157
829,Rivers,Degema,4.75114,6.767392
830,Rivers,Degema,4.751154,6.768038
831,Rivers,Abua-Odual,4.771781,6.708746
832,Rivers,Abua-Odual,4.772127,6.724875
833,Rivers,Abua-Odual,4.771746,6.720154
834,Rivers,Abua-Odual,4.772292,6.723345
835,Rivers,Abua-Odual,4.772581,6.728456
836,Rivers,Abua-Odual,4.771979,6.731374
837,Rivers,Etche,4.992194,7.053087
838,Rivers,Etche,4.992118,7.053593
839,Rivers,Etche,4.992118,7.053593
840,Rivers,Etche,4.992118,7.053593
841,Rivers,Etche,4.999284,7.058415
842,Bayelsa,Yenagoa,4.879069,6.289836
843,Bayelsa,Yenagoa,4.879914,6.289636
844,Bayelsa,Yenagoa,4.905958,6.29748
845,Rivers,Etche,4.998961,7.058415
846,Edo,Egor,6.377668,5.613772
847,Edo,Egor,6.377662,5.613779
848,Edo,Egor,6.37856,5.612636
849,Edo,Orhionmwon,6.295856,6.028143
850,Edo,Egor,6.378039,5.614464
851,Edo,Egor,6.378464,5.613079
852,Edo,Orhionmwon,6.296245,6.027734
853,Cross River,Bakassi,4.864852,8.503624
854,Edo,Egor,6.377769,5.612448
855,Edo,Egor,6.378565,5.61264
856,Edo,Egor,6.37907,5.613086
857,Edo,Orhionmwon,6.296475,6.027484
858,Edo,Egor,6.380207,5.612498
859,Edo,Egor,6.380359,5.612481
860,Delta,Isoko South,5.410917,6.136297
861,Cross River,Bakassi,4.862721,8.502758
862,Delta,Isoko South,5.415656,6.137397
863,Edo,Orhionmwon,6.2967,6.029899
864,Edo,Orhionmwon,6.296198,6.027231
865,Delta,Isoko South,5.416762,6.137953
866,Edo,Orhionmwon,6.295636,6.026373
867,Delta,Isoko South,5.417198,6.139278
868,Edo,Orhionmwon,6.297088,6.029812
869,Delta,Isoko South,5.417034,6.143254
870,Akwa-Ibom,Eket,4.710334,7.912817
871,Delta,Ughelli North,5.401006,6.064863
872,Rivers,Okirika,4.73958,7.08605
873,Rivers,Okirika,4.739886,7.085595
874,Rivers,Okirika,4.739562,7.085338
875,Rivers,Okirika,4.740343,7.08541
876,Cross River,Bakassi,4.862804,8.502191
877,Edo,Orhionmwon,6.2967,6.029899
878,Cross River,Bakassi,4.862441,8.503817
879,Cross River,Bakassi,4.862208,8.502878
880,Cross River,Bakassi,4.861617,8.501873
881,Delta,Isoko South,5.418696,6.139941
882,Akwa-Ibom,Eket,4.657639,7.927112
883,Delta,Ughelli North,5.400966,6.06516
884,Akwa-Ibom,Uruan,5.024474,7.95537
885,Akwa-Ibom,Uruan,5.024796,7.95537
886,Edo,Ovia South-West,6.475156,5.323085
887,Akwa-Ibom,Etinan,5.005054,7.854984
888,Akwa-Ibom,Etinan,5.005062,7.854986
889,Akwa-Ibom,Etinan,5.005368,7.856346
890,Akwa-Ibom,Etinan,4.998145,7.85319
891,Akwa-Ibom,Etinan,4.998078,7.85284
892,Akwa-Ibom,Eket,4.646359,7.942017
893,Rivers,Okirika,4.74078,7.085487
894,Akwa-Ibom,Uruan,5.041287,7.977508
895,Rivers,Port Harcourt,4.982058,7.025583
896,Rivers,Okirika,4.741784,7.085317
897,Delta,Ughelli North,5.402415,6.066155
898,Edo,Orhionmwon,6.289071,6.022656
899,Cross River,Calabar South,4.921712,8.315915
900,Edo,Ovia South-West,6.475156,5.323085
901,Rivers,Etche,5.013825,7.067442
902,Cross River,Calabar South,4.92173,8.314638
903,Akwa-Ibom,Uruan,5.041957,7.975464
904,Cross River,Calabar South,4.921597,8.314113
905,Cross River,Bakassi,4.860362,8.502131
906,Cross River,Bakassi,4.860352,8.50257
907,Cross River,Bakassi,4.857369,8.502255
908,Cross River,Bakassi,4.862943,8.502607
909,Cross River,Calabar South,4.922257,8.312911
910,Delta,Ughelli North,5.401702,6.066038
911,Cross River,Calabar South,4.922743,8.312709
912,Edo,Orhionmwon,6.289071,6.022656
913,Delta,Warri South,5.541824,5.730973
914,Cross River,Odukpani,5.132139,8.341529
915,Akwa-Ibom,Uruan,5.041287,7.977508
916,Cross River,Calabar South,4.923142,8.31294
917,Cross River,Odukpani,5.13072,8.341352
918,Edo,Ovia South-West,6.475156,5.323085
919,Delta,Ughelli North,5.402401,6.067287
920,Akwa-Ibom,Eket,4.673472,7.971036
921,Bayelsa,Kolokuma/Opokuma,5.078376,6.266342
922,Cross River,Odukpani,5.130713,8.341352
923,Bayelsa,Kolokuma/Opokuma,5.078376,6.266342
924,Cross River,Calabar South,4.922252,8.314857
925,Rivers,Etche,5.013608,7.074612
926,Bayelsa,Kolokuma/Opokuma,5.078376,6.266342
927,Delta,Warri South,5.543983,5.730846
928,Edo,Ovia South-West,6.422969,5.269857
929,Akwa-Ibom,Eket,4.673472,7.971036
930,Rivers,Ikwerre,4.962522,7.024393
931,Bayelsa,Kolokuma/Opokuma,5.078376,6.266342
932,Rivers,Etche,5.016908,7.076074
933,Cross River,Odukpani,5.131532,8.343027
934,Cross River,Odukpani,5.133476,8.344098
935,Rivers,Ikwerre,4.969669,7.024393
936,Delta,Warri South,5.543908,5.731119
937,Rivers,Etche,5.011722,7.075119
938,Akwa-Ibom,Eket,4.673472,7.971036
939,Edo,Ovia South-West,6.422969,5.269857
940,Delta,Warri South,5.543542,5.731527
941,Rivers,Ikwerre,4.963146,7.024147
942,Delta,Ughelli North,5.403091,6.067072
943,Rivers,Etche,5.007006,7.068309
944,Delta,Warri South,5.543031,5.732013
945,Akwa-Ibom,Ibesikpo Asutan,4.985012,7.898259
946,Akwa-Ibom,Ibesikpo Asutan,4.987606,7.897389
947,Akwa-Ibom,Ibesikpo Asutan,4.987521,7.897506
948,Akwa-Ibom,Etinan,4.918716,7.836857
949,Akwa-Ibom,Etinan,4.918713,7.836864
950,Akwa-Ibom,Etinan,4.918711,7.836879
951,Akwa-Ibom,Etinan,4.920736,7.840097
952,Akwa-Ibom,Ibesikpo Asutan,4.920655,7.840123
953,Rivers,Ikwerre,4.962433,7.024393
954,Bayelsa,Yenagoa,4.959434,6.359867
955,Akwa-Ibom,Okobo,4.844773,8.128767
956,Akwa-Ibom,Okobo,4.844665,8.128557
957,Akwa-Ibom,Okobo,4.844709,8.128603
958,Akwa-Ibom,Okobo,4.845479,8.128248
959,Akwa-Ibom,Okobo,4.844889,8.127308
960,Akwa-Ibom,Okobo,4.846083,8.12778
961,Akwa-Ibom,Okobo,4.846548,8.12778
962,Rivers,Etche,5.013692,7.072728
963,Akwa-Ibom,Eket,4.672796,7.974102
964,Bayelsa,Yenagoa,4.959364,6.359956
965,Rivers,Ikwerre,4.962174,7.024571
966,Cross River,Calabar South,4.922528,8.314724
967,Bayelsa,Yenagoa,4.958021,6.360211
968,Bayelsa,Kolokuma/Opokuma,5.11075,6.300234
969,Rivers,Asari Toru,4.736872,6.86467
970,Rivers,Asari Toru,4.736011,6.864351
971,Rivers,Asari Toru,4.736013,6.863418
972,Rivers,Asari Toru,4.735472,6.86399
973,Rivers,Asari Toru,4.734741,6.863797
974,Rivers,Asari Toru,4.735324,6.865017
975,Rivers,Port Harcourt,4.803685,6.989067
976,Rivers,Port Harcourt,4.803503,6.98857
977,Rivers,Port Harcourt,4.803214,6.987992
978,Rivers,Port Harcourt,4.802984,6.987527
979,Rivers,Port Harcourt,4.802183,6.987339
980,Rivers,Port Harcourt,4.802089,6.987198
981,Ekiti,Efon,7.655556,4.921686
982,Ekiti,Efon,7.655659,4.921075
983,Ekiti,Efon,7.655694,4.920763
984,Ekiti,Efon,7.655741,4.92027
985,Ekiti,Efon,7.655787,4.919996
986,Ekiti,Efon,7.655939,4.919559
987,Oyo,Ibarapa North,7.625902,3.159741
988,Oyo,Ibarapa North,7.67136,3.181617
989,Oyo,Ibarapa North,7.67134,3.181631
990,Oyo,Ibarapa North,7.654222,3.171175
991,Oyo,Ibarapa North,7.676115,3.189276
992,Oyo,Ibarapa North,7.632694,3.171875
993,Lagos,Ikeja,6.604534,3.351235
994,Oyo,Saki West,7.421289,3.980484
995,Oyo,Saki East,8.670769,3.388748
996,Lagos,Ikeja,6.6051,3.354399
997,Oyo,Saki East,8.670328,3.388184
998,Oyo,Saki West,8.669907,3.387547
999,Oyo,Ibarapa North,7.664809,3.176735
1000,Oyo,Ibarapa North,7.64974,3.180937
1001,Lagos,Ikeja,6.604824,3.353886
1002,Lagos,Ikeja,6.602478,3.351981
1003,Ekiti,Oye,7.80071,5.328496
1004,Ekiti,Oye,7.80055,5.328388
1005,Ekiti,Oye,7.793799,5.291722
1006,Ekiti,Oye,7.7937,5.291986
1007,Lagos,Kosofe,6.637929,3.374476
1008,Lagos,Mushin,6.535615,3.354032
1009,Ekiti,Ise/Orun,7.463717,5.423107
1010,Lagos,Kosofe,6.638867,3.37562
1011,Ekiti,Ise/Orun,7.463548,5.422816
1012,Oyo,Ibadan North,7.395157,3.918885
1013,Oyo,Ibadan North,7.395159,3.918659
1014,Ekiti,Ise/Orun,7.463328,5.42254
1015,Lagos,Kosofe,6.63024,3.376016
1016,Osun,Ilesa West,7.645875,4.742472
1017,Osun,Ilesa West,7.644718,4.741062
1018,Oyo,Ibadan North,7.39465,3.918149
1019,Ogun,Imeko Afon,7.447736,2.837959
1020,Oyo,Ibadan North,7.393666,3.918154
1021,Oyo,Ibadan North,7.393959,3.917896
1022,Lagos,Mushin,6.526394,3.352917
1023,Ondo,Akure North,7.261346,5.263057
1024,Ekiti,Gbonyin,7.563727,5.213376
1025,Ogun,Imeko Afon,7.142211,3.345976
1026,Oyo,Ibadan North,7.395533,3.918618
1027,Lagos,Mushin,6.525686,3.352324
1028,Osun,Atakunmosa East,7.644522,4.740931
1029,Oyo,Akinyele,7.53017,3.909284
1030,Oyo,Akinyele,7.530264,3.909868
1031,Oyo,Akinyele,7.530161,3.909369
1032,Oyo,Ibadan North,7.379435,3.899165
1033,Oyo,Akinyele,7.528311,3.908875
1034,Ekiti,Ise/Orun,7.462928,5.42187
1035,Lagos,Mushin,6.525864,3.352656
1036,Ogun,Imeko Afon,7.447736,2.837959
1037,Oyo,Ibadan North,7.379098,3.89894
1038,Osun,Aiyedaade,7.539579,4.396611
1039,Lagos,Oshodi-Isolo,6.532161,3.324772
1040,Ekiti,Gbonyin,7.563804,5.213175
1041,Ekiti,Gbonyin,7.563648,5.213325
1042,Ekiti,Gbonyin,7.563704,5.213302
1043,Ekiti,Gbonyin,7.563696,5.213266
1044,Ekiti,Gbonyin,7.564139,5.212809
1045,Ekiti,Gbonyin,7.564145,5.212848
1046,Ekiti,Gbonyin,7.564045,5.212927
1047,Ekiti,Gbonyin,7.563949,5.213064
1048,Ekiti,Gbonyin,7.563749,5.213198
1049,Ekiti,Gbonyin,7.563664,5.21332
1050,Ogun,Ikenne,7.447736,2.837959
1051,Oyo,Ibadan North,7.378834,3.898564
1052,Osun,Ilesa West,7.643576,4.745773
1053,Osun,Aiyedaade,7.539632,4.396696
1054,Ogun,Ikenne,6.865021,3.714318
1055,Ondo,Akure South,7.251634,5.172372
1056,Ondo,Akure South,7.251717,5.172631
1057,Ondo,Akure South,7.251832,5.172519
1058,Ondo,Akure South,7.251799,5.172314
1059,Ondo,Akure South,7.251711,5.173035
1060,Lagos,Mushin,6.527716,3.3525
1061,Osun,Aiyedaade,7.539693,4.396834
1062,Ondo,Akure North,7.261822,5.259234
1063,Ondo,Akure North,7.261299,5.258895
1064,Ondo,Akure North,7.261899,5.258792
1065,Ondo,Akure North,7.262001,5.258859
1066,Ondo,Akure North,7.262078,5.258949
1067,Ondo,Akure North,7.262599,5.259221
1068,Lagos,Oshodi-Isolo,6.53295,3.324532
1069,Ondo,Akure North,7.261795,5.258861
1070,Ondo,Akure North,7.260387,5.258813
1071,Ondo,Akure North,7.262727,5.259792
1072,Ondo,Akure North,7.262375,5.259637
1073,Ogun,Ikenne,6.865021,3.714318
1074,Ogun,Ikenne,6.865021,3.714318
1075,Ogun,Ikenne,6.865021,3.714318
1076,Lagos,Ajeromi-Ifelodun,6.453548,3.349389
1077,Lagos,Ajeromi-Ifelodun,6.453388,3.34728
1078,Lagos,Oshodi-Isolo,6.574839,3.343358
1079,Lagos,Ajeromi-Ifelodun,6.451825,3.350786
1080,Lagos,Ajeromi-Ifelodun,6.453729,3.34398
1081,Ekiti,Ise/Orun,7.463204,5.42151
1082,Lagos,Ajeromi-Ifelodun,6.45068,3.350758
1083,Lagos,Ajeromi-Ifelodun,6.454481,3.343958
1084,Lagos,Ajeromi-Ifelodun,6.45471,3.342526
1085,Osun,Aiyedaade,7.539856,4.39792
1086,Oyo,Akinyele,7.528501,3.907707
1087,Oyo,Akinyele,7.527516,3.908158
1088,Oyo,Akinyele,7.527652,3.908207
1089,Oyo,Akinyele,7.527048,3.907647
1090,Oyo,Akinyele,7.527215,3.907015
1091,Oyo,Akinyele,7.532581,3.908975
1092,Lagos,Oshodi-Isolo,6.560346,3.345728
1093,Ogun,Ikenne,6.865021,3.714318
1094,Ogun,Ikenne,6.861852,3.711978
1095,Osun,Aiyedaade,7.539812,4.398969
1096,Lagos,Oshodi-Isolo,6.531754,3.324353
1097,Lagos,Mushin,6.527677,3.358887
1098,Ogun,Ikenne,6.861852,3.711978
1099,Osun,Ilesa West,7.643567,4.745841
1100,Ogun,Ikenne,6.861852,3.711978
1101,Lagos,Oshodi-Isolo,6.573609,3.341137
1102,Ogun,Ikenne,6.861852,3.711976
1103,Ogun,Ewekoro,7.047114,3.249428
1104,Lagos,Mushin,6.529035,3.354906
1105,Osun,Ilesa West,7.643444,4.745853
1106,Lagos,Oshodi-Isolo,6.531754,3.324353
1107,Oyo,Surulere,8.193259,4.389435
1108,Ogun,Ikenne,6.861852,3.711678
1109,Ogun,Ikenne,6.861852,3.711977
1110,Ogun,Ewekoro,7.067242,3.291349
1111,Ogun,Imeko Afon,7.447736,2.837959
1112,Osun,Ilesa West,7.642698,4.745716
1113,Lagos,Mushin,6.52949,3.354478
1114,Ogun,Ewekoro,7.04702,3.249327
1115,Lagos,Oshodi-Isolo,6.574757,3.34324
1116,Oyo,Surulere,8.193038,4.388428
1117,Lagos,Mushin,6.530059,3.359324
1118,Oyo,Atisbo,8.567158,3.453198
1119,Lagos,Kosofe,6.630235,3.375764
1120,Lagos,Kosofe,6.630346,3.375774
1121,Lagos,Kosofe,6.630041,3.375685
1122,Lagos,Kosofe,6.630284,3.37576
1123,Lagos,Kosofe,6.630046,3.375703
1124,Lagos,Kosofe,6.63031,3.375783
1125,Lagos,Kosofe,6.630048,3.375802
1126,Lagos,Kosofe,6.630215,3.375809
1127,Lagos,Kosofe,6.630319,3.375828
1128,Lagos,Kosofe,6.630269,3.375813
1129,Lagos,Kosofe,6.630175,3.375708
1130,Osun,Aiyedaade,7.55391,4.401394
1131,Ogun,Imeko Afon,7.447736,2.837967
1132,Oyo,Surulere,8.190161,4.385381
1133,Ogun,Ewekoro,7.046883,3.249652
1134,Ogun,Imeko Afon,7.447736,2.837959
1135,Oyo,Atisbo,8.52672,3.482297
1136,Lagos,Mushin,6.535615,3.354032
1137,Lagos,Mushin,6.535615,3.354032
1138,Lagos,Mushin,6.535615,3.354032
1139,Lagos,Mushin,6.535615,3.354032
1140,Lagos,Mushin,6.535615,3.354032
1141,Lagos,Mushin,6.535615,3.354032
1142,Oyo,Atisbo,8.526096,3.481434
1143,Oyo,Surulere,8.193952,4.383744
1144,Osun,Aiyedaade,7.554442,4.40155
1145,Lagos,Oshodi-Isolo,6.529021,3.319917
1146,Ogun,Ewekoro,7.046828,3.249833
1147,Ekiti,Ise/Orun,7.463312,5.422523
1148,Ogun,Ewekoro,7.046673,3.25015
1149,Osun,Aiyedaade,7.554048,4.402241
1150,Lagos,Apapa,6.44123,3.361079
1151,Lagos,Apapa,6.441537,3.361186
1152,Lagos,Apapa,6.442868,3.356498
1153,Lagos,Apapa,6.445506,3.352308
1154,Lagos,Apapa,6.448403,3.353709
1155,Lagos,Apapa,6.455073,3.35209
1156,Lagos,Apapa,6.455969,3.351867
1157,Oyo,Atisbo,8.52589,3.482904
1158,Oyo,Surulere,8.199028,4.380816
1159,Lagos,Oshodi-Isolo,6.504567,3.309005
1160,Lagos,Mushin,6.530514,3.359215
1161,Lagos,Mushin,6.53134,3.360162
1162,Lagos,Oshodi-Isolo,6.529515,3.319776
1163,Ogun,Ewekoro,7.067916,3.29163
1164,Ogun,Ewekoro,7.067878,3.291513
1165,Lagos,Mushin,6.69619,3.360224
1166,Lagos,Mushin,6.696208,3.36027
1167,Lagos,Mushin,6.696214,3.360236
1168,Lagos,Mushin,6.696183,3.36006
1169,Lagos,Mushin,6.696186,3.360241
1170,Lagos,Mushin,6.696186,3.360212
1171,Lagos,Mushin,6.696228,3.360281
1172,Ogun,Ewekoro,7.068098,3.291475
1173,Lagos,Oshodi-Isolo,6.573497,3.341142
1174,Lagos,Oshodi-Isolo,6.536948,3.325924
1175,Lagos,Mushin,6.530718,3.360662
1176,Ogun,Ilishan-Remo,6.894218,3.709539
1177,Ogun,Ilishan-Remo,6.894218,3.709539
1178,Ogun,Ilishan-Remo,6.894218,3.709539
1179,Ogun,Ilishan-Remo,6.894218,3.709532
1180,Ogun,Ilishan-Remo,6.894218,3.709543
1181,Ogun,Imeko Afon,7.447736,2.837959
1182,Ogun,Imeko Afon,7.447736,2.838042
1183,Ogun,Ilishan-Remo,6.894218,3.709539
1184,Ogun,Ewekoro,7.068328,3.292523
1185,Lagos,Oshodi-Isolo,6.503905,3.309169
1186,Lagos,Mushin,6.532476,3.360531
1187,Ogun,Ewekoro,7.070378,3.293079
1188,Lagos,Oshodi-Isolo,6.573524,3.343183
1189,Ogun,Ewekoro,7.072669,3.295812
1190,Ogun,Ilishan-Remo,6.894218,3.709638
1191,Ogun,Ilishan-Remo,6.894218,3.709539
1192,Ogun,Ilishan-Remo,6.894218,3.709539
1193,Ogun,Ilishan-Remo,6.894218,3.709554
1194,Ogun,Ilishan-Remo,6.894218,3.709533
1195,Osun,Ilesa East,7.600213,4.768672
1196,Ogun,Imeko Afon,7.447736,2.833241
1197,Lagos,Oshodi-Isolo,6.572292,3.342867
1198,Osun,Ilesa East,7.59912,4.769735
1199,Osun,Odo-Otin,7.968807,4.656367
1200,Osun,Odo-Otin,7.96846,4.656178
1201,Osun,Odo-Otin,7.970065,4.656324
1202,Osun,Odo-Otin,7.971297,4.655
1203,Osun,Odo-Otin,7.97371,4.651508
1204,Osun,Odo-Otin,8.007419,4.623814
1205,Osun,Odo-Otin,8.007422,4.623596
1206,Osun,Odo-Otin,8.008118,4.622476
1207,Osun,Odo-Otin,8.006832,4.62515
1208,Osun,Ife North,7.538928,4.460827
1209,Osun,Ilesa East,7.598632,4.769944
1210,Ogun,Imeko Afon,7.447736,2.413392
1211,Ogun,Imeko Afon,7.447736,2.847563
1212,Ondo,Akure South,7.239773,5.164712
1213,Ondo,Akure South,7.239455,5.164895
1214,Ondo,Akure South,7.239251,5.165015
1215,Ondo,Akure South,7.238783,5.164639
1216,Ondo,Akure South,7.239029,5.164349
1217,Ondo,Akure South,7.240041,5.164434
1218,Ekiti,Ido Osi,7.845549,5.182707
1219,Lagos,Agege,6.620716,3.331532
1220,Ekiti,Ido Osi,7.845201,5.182697
1221,Lagos,Agege,6.621023,3.331572
1222,Lagos,Agege,6.620646,3.332216
1223,Lagos,Agege,6.619607,3.331191
1224,Lagos,Apapa,6.456385,3.350813
1225,Lagos,Apapa,6.456988,3.351331
1226,Lagos,Apapa,6.456919,3.351859
1227,Lagos,Apapa,6.455937,3.347942
1228,Lagos,Agege,6.619772,3.33259
1229,Oyo,Surulere,8.187338,4.383937
1230,Oyo,Surulere,8.192545,4.373962
1231,Oyo,Surulere,8.192905,4.371198
1232,Oyo,Surulere,8.190962,4.369173
1233,Oyo,Ibarapa East,7.544194,3.42727
1234,Oyo,Ibarapa East,7.534159,3.422182
1235,Oyo,Ibarapa East,7.534094,3.423745
1236,Oyo,Ibarapa East,7.432238,3.495928
1237,Oyo,Ibarapa East,7.533103,3.417223
1238,Oyo,Ibarapa East,7.534437,3.423723
1239,Oyo,Ibarapa East,7.516819,3.418906
1240,Oyo,Ibarapa East,7.517215,3.420414
1241,Oyo,Ibarapa East,7.511391,3.423642
1242,Lagos,Ajeromi-Ifelodun,6.449753,3.349591
1243,Lagos,Ajeromi-Ifelodun,6.45442,3.322501
1244,Lagos,Ajeromi-Ifelodun,6.45083,3.35001
1245,Akwa-Ibom,Eket,4.672796,7.974102
1246,Edo,Esan North-East,6.713403,6.328131
1247,Edo,Esan North-East,6.713455,6.32681
1248,Rivers,Ikwerre,4.963374,7.024571
1249,Edo,Esan West,6.742955,6.142095
1250,Edo,Esan West,6.742955,6.142095
1251,Akwa-Ibom,Uruan,5.026127,7.982276
1252,Delta,Isoko South,5.426434,6.179713
1253,Edo,Esan West,6.742955,6.142095
1254,Edo,Esan North-East,6.71341,6.326159
1255,Edo,Esan West,6.742955,6.142095
1256,Akwa-Ibom,Okobo,4.855853,8.062459
1257,Rivers,Ahoada West,5.087785,6.470446
1258,Edo,Esan North-East,6.712911,6.325175
1259,Edo,Esan South-East,6.649835,6.393113
1260,Rivers,Omuma,5.725258,6.957297
1261,Akwa-Ibom,Uruan,5.026393,7.981673
1262,Edo,Esan West,6.742955,6.142095
1263,Edo,Esan West,6.742955,6.142095
1264,Rivers,Omuma,5.698875,6.918824
1265,Cross River,Akamkpa,5.254535,8.358763
1266,Edo,Esan South-East,6.650297,6.393156
1267,Edo,Esan North-East,6.712669,6.323262
1268,Cross River,Akamkpa,5.254409,8.358751
1269,Edo,Esan West,6.742955,6.142095
1270,Cross River,Akamkpa,5.257154,8.357897
1271,Edo,Esan West,6.742955,6.142095
1272,Delta,Isoko South,5.454778,6.203473
1273,Edo,Esan West,6.742955,6.142095
1274,Cross River,Abi,5.892044,8.022457
1275,Bayelsa,Ogbia,4.783043,6.312584
1276,Rivers,Omuma,5.766464,6.939921
1277,Delta,Isoko South,5.462631,6.208233
1278,Edo,Esan West,6.742955,6.142095
1279,Akwa-Ibom,Uruan,5.026142,7.982851
1280,Edo,Esan South-East,6.649177,6.39221
1281,Delta,Isoko South,5.462631,6.208233
1282,River's,Ahoada East,5.076409,6.655587
1283,Akwa-Ibom,Uruan,5.026414,7.981688
1284,Rivers,Ahoada East,5.077077,6.655504
1285,Delta,Isoko South,5.460892,6.207395
1286,Delta,Patani,5.134796,6.000382
1287,Edo,Esan South-East,6.650433,6.393685
1288,Delta,Isoko South,5.462215,6.205961
1289,Delta,Patani,5.134277,5.999947
1290,River's,Ogu-Bolo,4.725855,7.199228
1291,Edo,Esan South-East,6.650433,6.393685
1292,Bayelsa,Sagbama,5.154743,6.195903
1293,Cross River,Akamkpa,5.32371,8.344505
1294,Delta,Patani,5.133857,5.999887
1295,Akwa-Ibom,Itu,5.036832,7.921963
1296,River's,Ogu-Bolo,4.725584,7.19918
1297,Delta,Patani,5.133371,6.000154
1298,Cross River,Akamkpa,5.112226,8.524234
1299,Cross River,Akamkpa,5.112181,8.523857
1300,Cross River,Abi,5.876488,8.024293
1301,Akwa-Ibom,Itu,5.045761,7.922048
1302,Delta,Patani,5.133076,5.999294
1303,Bayelsa,Kolokuma/Opokuma,5.206242,6.207146
1304,Cross River,Akamkpa,5.323613,8.343885
1305,River's,Tai,4.742942,7.228829
1306,Cross River,Abi,5.879473,8.022826
1307,Akwa-Ibom,Eket,4.666907,8.013283
1308,Akwa-Ibom,Esit Eket,4.634187,8.019758
1309,Delta,Bomadi,5.16671,5.928756
1310,River's,Tai,4.742968,7.228855
1311,Cross River,Abi,5.876749,8.026277
1312,Akwa-Ibom,Esit Eket,4.642963,7.979552
1313,Edo,Esan South-East,6.649484,6.39222
1314,Akwa-Ibom,Esit Eket,4.666907,8.013283
1315,Rivers,Eleme,4.800833,7.119787
1316,Rivers,Ogu-Bolo,4.725123,7.198876
1317,Rivers,Ogu-Bolo,4.72453,7.199001
1318,Delta,Bomadi,5.166916,5.927394
1319,Delta,Patani,5.168203,6.178166
1320,River's,Tai,4.743197,7.228435
1321,Akwa-Ibom,Esit Eket,4.60605,8.018736
1322,Cross River,Abi,5.877018,8.027021
1323,Rivers,Eleme,4.798489,7.12081
1324,Edo,Esan South-East,6.649484,6.39222
1325,Akwa-Ibom,Esit Eket,4.652484,8.042938
1326,Akwa-Ibom,Esit Eket,4.654384,8.044643
1327,Rivers,Eleme,4.799152,7.120435
1328,Cross River,Abi,5.877023,8.0273
1329,River's,Tai,4.742746,7.228628
1330,Rivers,Ogu-Bolo,4.72423,7.198746
1331,Rivers,Ogu-Bolo,4.723924,7.198961
1332,Delta,Patani,5.218477,6.190565
1333,Akwa-Ibom,Esit Eket,4.654384,8.044643
1334,Rivers,Eleme,4.798505,7.120622
1335,Cross River,Abi,5.876655,8.027755
1336,Delta,Bomadi,5.167527,5.929736
1337,Delta,Patani,5.219077,6.190285
1338,Rivers,Eleme,4.805845,7.120622
1339,Akwa-Ibom,Esit Eket,4.666907,8.013283
1340,Cross River,Abi,5.877106,8.028162
1341,Rivers,Akuku Toru,4.634215,6.695185
1342,Delta,Patani,5.132582,5.998984
1343,Edo,Esan South-East,6.649655,6.392413
1344,Cross River,Abi,5.876997,8.029272
1345,Akwa-Ibom,Esit Eket,4.666907,8.013283
1346,River's,Tai,4.742819,7.228746
1347,Rivers,Bonny,4.459473,7.197993
1348,River's,Khana,4.730278,7.419307
1349,Edo,Esan South-East,6.649655,6.392413
1350,Rivers,Asari Toru,4.641743,6.706204
1351,Delta,Bomadi,5.169361,5.930193
1352,River's,Tai,4.74325,7.228527
1353,Akwa-Ibom,Nsit-Ubium,5.012099,7.95966
1354,Akwa-Ibom,Nsit-Ubium,5.012097,7.959659
1355,Akwa-Ibom,Nsit-Ubium,5.012203,7.957413
1356,Akwa-Ibom,Nsit-Ubium,5.012114,7.959637
1357,Akwa-Ibom,Nsit-Ubium,5.010181,7.958741
1358,Akwa-Ibom,Nsit-Ubium,5.01211,7.959648
1359,Rivers,Bonny,4.459322,7.194658
1360,Delta,Patani,5.226238,6.187537
1361,River's,Khana,4.733465,7.418281
1362,River's,Khana,4.73106,7.412417
1363,River's,Khana,4.728713,7.41611
1364,Rivers,Akuku Toru,4.626844,6.700978
1365,Edo,Esan South-East,6.649655,6.392413
1366,Rivers,Bonny,4.459262,7.197526
1367,Rivers,Khana,4.728019,7.420403
1368,Rivers,Khana,4.728019,7.420403
1369,Akwa-Ibom,Udung-Uko,4.772823,8.239796
1370,Akwa-Ibom,Udung-Uko,4.773229,8.240618
1371,Akwa-Ibom,Udung-Uko,4.774106,8.240077
1372,Akwa-Ibom,Udung-Uko,4.773909,8.240213
1373,Akwa-Ibom,Udung-Uko,4.772993,8.239421
1374,Akwa-Ibom,Udung-Uko,4.773154,8.239104
1375,Rivers,Akuku Toru,4.618466,6.700572
1376,Rivers,Bonny,4.457368,7.197189
1377,Rivers,Bonny,4.431045,7.200481
1378,Rivers,Akuku Toru,4.617021,6.693593
1379,Rivers,Bonny,4.428769,7.201413
1380,Rivers,Akuku Toru,4.611207,6.702752
1381,River's,Asari Toru,4.744889,6.846394
1382,River's,Akuku Toru,4.744138,6.846204
1383,River's,Asari Toru,4.743478,6.846003
1384,River's,Asari Toru,4.742684,6.845684
1385,River's,Asari Toru,4.742757,6.847395
1386,River's,Asari Toru,4.742531,6.846644
1387,Osun,Ife North,7.539195,4.460347
1388,Osun,Ife North,7.538197,4.460283
1389,Osun,Ife North,7.538017,4.459962
1390,Osun,Ife North,7.537447,4.459241
1391,Osun,Ife North,7.520441,4.442929
1392,Osun,Ife North,7.521026,4.443876
1393,Osun,Ife North,7.523233,4.447488
1394,Lagos,Apapa,6.439843,3.334413
1395,Lagos,Apapa,6.439843,3.334413
1396,Lagos,Apapa,6.439638,3.334848
1397,Lagos,Apapa,6.439302,3.335198
1398,Lagos,Lagos Island,6.45828,3.388505
1399,Lagos,Lagos Island,6.454228,3.390623
1400,Lagos,Lagos Island,6.447786,3.412987
1401,Lagos,Lagos Island,6.447786,3.412987
1402,Lagos,Ajeromi-Ifelodun,6.441866,3.360026
1403,Lagos,Ajeromi-Ifelodun,6.441538,3.360167
1404,Lagos,Ajeromi-Ifelodun,6.443948,3.35711
1405,Lagos,Ajeromi-Ifelodun,6.445787,3.352634
1406,Lagos,Ajeromi-Ifelodun,6.449123,3.353725
1407,Lagos,Ajeromi-Ifelodun,6.45062,3.3538
1408,Lagos,Ajeromi-Ifelodun,6.451839,3.352707
1409,Lagos,Ajeromi-Ifelodun,6.455362,3.351786
1410,Lagos,Ajeromi-Ifelodun,6.456304,3.351963
1411,Lagos,Ajeromi-Ifelodun,6.456409,3.351289
1412,Lagos,Ajeromi-Ifelodun,6.456796,3.350546
1413,Lagos,Ajeromi-Ifelodun,6.460943,3.323928
1414,Lagos,Ajeromi-Ifelodun,6.461298,3.323873
1415,Lagos,Ajeromi-Ifelodun,6.460962,3.325937
1416,Lagos,Lagos Island,6.454452,3.390787
1417,Lagos,Ajeromi-Ifelodun,6.46065,3.329593
1418,Lagos,Lagos Island,6.454107,3.39117
1419,Osun,Ejigbo,7.883676,4.335161
1420,Lagos,Lagos Island,6.447786,3.412987
1421,Lagos,Lagos Island,6.447786,3.412987
1422,Lagos,Lagos Island,6.447786,3.412987
1423,Lagos,Lagos Island,6.447786,3.412987
1424,Lagos,Lagos Island,6.447786,3.412987
1425,Lagos,Lagos Island,6.454264,3.391312
1426,Lagos,Mushin,6.541766,3.361682
1427,Ogun,Ado-Odo/Ota,6.611719,3.05762
1428,Osun,Ejigbo,7.883676,4.335161
1429,Lagos,Ajeromi-Ifelodun,6.460752,3.331572
1430,Ogun,Ijebu North,6.934755,3.900362
1431,Lagos,Kosofe,6.563196,3.368629
1432,Ogun,Ijebu North,6.941759,3.92384
1433,Lagos,Ajeromi-Ifelodun,6.459027,3.333715
1434,Oyo,Itesiwaju,8.208905,3.407892
1435,Ekiti,Ise/Orun,7.458244,5.428876
1436,Lagos,Mushin,6.541867,3.359478
1437,Ogun,Ado-Odo/Ota,6.611719,3.05762
1438,Ogun,Ijebu North,6.967454,3.995789
1439,Ekiti,Ise/Orun,7.458577,5.429198
1440,Lagos,Ajeromi-Ifelodun,6.45911,3.337962
1441,Lagos,Kosofe,6.56019,3.368642
1442,Oyo,Egbeda,7.374432,4.049587
1443,Lagos,Surulere,6.498261,3.358284
1444,Oyo,Itesiwaju,8.207945,3.408342
1445,Lagos,Ajeromi-Ifelodun,6.458377,3.335988
1446,Ogun,Ado-Odo/Ota,6.611719,3.257633
1447,Oyo,Egbeda,7.374432,4.049587
1448,Oyo,Itesiwaju,8.208994,3.407914
1449,Osun,Irewole,7.380827,4.183062
1450,Osun,Ife Central,7.485163,4.547382
1451,Ogun,Ijebu North,6.966891,3.996422
1452,Oyo,Itesiwaju,8.208971,3.407935
1453,Osun,Ilesa East,7.625469,4.743467
1454,Osun,Irewole,7.378696,4.182841
1455,Lagos,Mushin,6.541837,3.359434
1456,Lagos,Ajeromi-Ifelodun,6.458423,3.332527
1457,Oyo,Itesiwaju,8.203859,3.404797
1458,Oyo,Egbeda,7.377654,4.047059
1459,Oyo,Itesiwaju,8.203328,3.40461
1460,Ogun,Ijebu North,6.966274,3.996101
1461,Lagos,Surulere,6.497457,3.358439
1462,Lagos,Ajeromi-Ifelodun,6.458463,3.331575
1463,Oyo,Egbeda,7.377649,4.047461
1464,Osun,Ilesa East,7.624573,4.743914
1465,Oyo,Itesiwaju,8.217353,3.335558
1466,Oyo,Itesiwaju,8.217535,3.334771
1467,Ogun,Ado-Odo/Ota,6.611719,3.357534
1468,Lagos,Alimosho,6.645533,3.272302
1469,Oyo,Egbeda,7.378695,4.04665
1470,Oyo,Itesiwaju,8.21634,3.337795
1471,Ogun,Ijebu North,6.967199,3.995639
1472,Ekiti,Ise/Orun,7.457957,5.429542
1473,Osun,Irewole,7.378309,4.182744
1474,Osun,Ilesa East,7.624275,4.74388
1475,Oyo,Egbeda,7.379198,4.045701
1476,Lagos,Kosofe,6.560216,3.369005
1477,Ogun,Ijebu North,6.967451,3.996162
1478,Lagos,Mushin,6.538673,3.361909
1479,Ogun,Ado-Odo/Ota,6.611719,3.05762
1480,Oyo,Egbeda,7.379397,4.044776
1481,Osun,Ejigbo,7.88992,4.322001
1482,Osun,Ejigbo,7.905267,4.314941
1483,Osun,Ejigbo,7.907302,4.314941
1484,Ogun,Ijebu North,6.966996,3.99377
1485,Oyo,Egbeda,7.379836,4.042075
1486,Lagos,Surulere,6.498038,3.358291
1487,Ogun,Ijebu North,6.9684,3.994967
1488,Oyo,Egbeda,7.378016,4.041884
1489,Lagos,Lagos Island,6.454714,3.390616
1490,Lagos,Lagos Island,6.454637,3.39057
1491,Lagos,Lagos Island,6.454728,3.390516
1492,Lagos,Lagos Island,6.454613,3.390548
1493,Lagos,Lagos Island,6.454644,3.390549
1494,Lagos,Lagos Island,6.454516,3.390707
1495,Lagos,Lagos Island,6.45269,3.392976
1496,Osun,Ilesa East,7.622964,4.743987
1497,Osun,Irewole,7.37825,4.182455
1498,Oyo,Egbeda,7.377508,4.041533
1499,Ogun,Ado-Odo/Ota,6.62551,3.250069
1500,Ogun,Ijebu North,6.967251,3.994749
1501,Lagos,Mushin,6.542759,3.361559
1502,Osun,Irewole,7.377434,4.182552
1503,Osun,Ejigbo,7.904942,4.313992
1504,Osun,Ilesa East,7.623114,4.7439
1505,Ogun,Ijebu North,6.961215,3.988506
1506,Ekiti,Ido Osi,7.817788,5.219876
1507,Ogun,Ado-Odo/Ota,6.611375,3.253123
1508,Lagos,Kosofe,6.560218,3.369057
1509,Ekiti,Ido Osi,7.818162,5.220218
1510,Osun,Boluwaduro,7.945876,4.785728
1511,Osun,Boluwaduro,7.945907,4.786146
1512,Osun,Boluwaduro,7.9476,4.785583
1513,Osun,Boluwaduro,7.948298,4.786234
1514,Osun,Boluwaduro,7.947805,4.788937
1515,Osun,Boluwaduro,7.938924,4.747512
1516,Osun,Boluwaduro,7.939499,4.746727
1517,Lagos,Mushin,6.543131,3.361257
1518,Lagos,Surulere,6.49544,3.358667
1519,Ogun,Ado-Odo/Ota,6.611719,3.054775
1520,Osun,Irewole,7.382096,4.188917
1521,Ekiti,Ido Osi,7.818012,5.220538
1522,Lagos,Kosofe,6.559119,3.370378
1523,Osun,Irewole,7.382851,4.196982
1524,Osun,Irewole,7.381932,4.189659
1525,Ekiti,Ilejemeje,7.563723,5.213241
1526,Ekiti,Ilejemeje,7.563745,5.213277
1527,Ekiti,Ilejemeje,7.563712,5.213201
1528,Ekiti,Ilejemeje,7.563854,5.213232
1529,Ekiti,Ilejemeje,7.563928,5.213224
1530,Ekiti,Ilejemeje,7.563972,5.213247
1531,Ekiti,Ilejemeje,7.563834,5.213227
1532,Ekiti,Ilejemeje,7.563802,5.213159
1533,Ogun,Ado-Odo/Ota,6.611719,3.257626
1534,Lagos,Kosofe,6.558879,3.370365
1535,Lagos,Surulere,6.495897,3.357406
1536,Ogun,Ado-Odo/Ota,6.611719,3.357669
1537,Ekiti,Ise/Orun,7.463174,5.409113
1538,Lagos,Surulere,6.497145,3.358215
1539,Ekiti,Ise/Orun,7.464121,5.409579
1540,Lagos,Lagos Island,6.454604,3.390262
1541,Lagos,Lagos Island,6.45464,3.390286
1542,Lagos,Lagos Island,6.454583,3.38999
1543,Lagos,Lagos Island,6.454801,3.389841
1544,Lagos,Lagos Island,6.45456,3.390087
1545,Lagos,Lagos Island,6.454642,3.389917
1546,Lagos,Lagos Island,6.45466,3.389991
1547,Lagos,Lagos Island,6.454605,3.390003
1548,Lagos,Lagos Island,6.454601,3.389929
1549,Lagos,Lagos Island,6.454659,3.390055
1550,Lagos,Lagos Island,6.454649,3.390158
1551,Lagos,Lagos Island,6.454569,3.389987
1552,Lagos,Lagos Island,6.454264,3.391312
1553,Lagos,Lagos Island,6.453576,3.392011
1554,Ogun,Ado-Odo/Ota,6.611719,3.05762
1555,Lagos,Alimosho,6.650909,3.267321
1556,Ekiti,Moba,7.989662,5.117744
1557,Ekiti,Moba,7.989823,5.117467
1558,Ekiti,Moba,7.990262,5.117682
1559,Ekiti,Moba,7.990304,5.118024
1560,Ogun,Ijebu North East,6.611719,3.05762
1561,Ogun,Ijebu North East,6.611719,3.05762
1562,Ogun,Ijebu North East,6.611719,3.057622
1563,Ogun,Ijebu North East,6.611719,3.05762
1564,Ogun,Ijebu North East,6.611719,3.057632
1565,Ogun,Ijebu North East,6.611719,3.057621
1566,Ogun,Ijebu North East,6.611719,3.05762
1567,Ogun,Ijebu North East,6.611719,3.056432
1568,Ogun,Ijebu North East,6.611719,3.057523
1569,Ogun,Ijebu North East,6.611719,3.05762
1570,Ogun,Ijebu North East,6.611719,3.05762
1571,Ogun,Ijebu North East,6.611723,3.05762
1572,Ekiti,Moba,7.99021,5.118431
1573,Ekiti,Moba,7.990147,5.11871
1574,Lagos,Somolu,6.547094,3.363042
1575,Oyo,Ogbomosho North,8.153368,4.206838
1576,Lagos,Somolu,6.547485,3.363021
1577,Oyo,Ogbomosho North,8.149577,4.207928
1578,Oyo,Irepo,9.075415,3.842668
1579,Oyo,Ogbomosho North,8.152074,4.207761
1580,Oyo,Ogbomosho North,8.149364,4.204078
1581,Lagos,Somolu,6.54673,3.362942
1582,Oyo,Ogbomosho North,8.146444,4.199495
1583,Oyo,Ogbomosho North,8.145339,4.206078
1584,Oyo,Ogbomosho North,8.121206,4.206435
1585,Lagos,Somolu,6.546483,3.364752
1586,Oyo,Irepo,9.064369,3.852156
1587,Oyo,Irepo,9.058382,3.854747
1588,Oyo,Irepo,9.049819,3.842195
1589,Oyo,Irepo,9.070081,3.837415
1590,Oyo,Irepo,9.053801,3.851913
1591,Oyo,Irepo,9.077118,3.842896
1592,Oyo,Irepo,9.084532,3.83708
1593,Oyo,Irepo,9.048627,3.842096
1594,Oyo,Ogbomosho North,8.118283,4.206976
1595,Lagos,Somolu,6.546278,3.364667
1596,Oyo,Ogbomosho North,7.421407,3.980576
