,State,LGA,Urban_Target,Rural_Target,Unnamed: 4,Urban_Collected,Rural_Collected,Urban_Completion,Rural_Completion,Urban_Deficit,Rural_Deficit
0,Abia,Aba North,3,8,11,0.0,0.0,0.0,0.0,3.0,8.0
1,Abia,Aba South,3,8,11,0.0,0.0,0.0,0.0,3.0,8.0
2,Abia,Arochukwu,3,8,11,0.0,0.0,0.0,0.0,3.0,8.0
3,Abia,Bende,3,8,11,0.0,0.0,0.0,0.0,3.0,8.0
4,Abia,Ikwuano,3,8,11,0.0,0.0,0.0,0.0,3.0,8.0
5,Abia,Isiala Ngwa North,3,8,11,0.0,0.0,0.0,0.0,3.0,8.0
6,Abia,Isiala Ngwa South,3,8,11,0.0,0.0,0.0,0.0,3.0,8.0
7,Abia,Isuikwuato,3,8,11,0.0,0.0,0.0,0.0,3.0,8.0
8,Abia,Obi Ngwa,3,8,11,0.0,0.0,0.0,0.0,3.0,8.0
9,Abia,Ohafia,3,8,11,0.0,0.0,0.0,0.0,3.0,8.0
10,Abia,Osisioma,3,8,11,0.0,0.0,0.0,0.0,3.0,8.0
11,Abia,Ugwunagbo,3,8,11,0.0,0.0,0.0,0.0,3.0,8.0
12,Abia,Ukwa East,3,8,11,0.0,0.0,0.0,0.0,3.0,8.0
13,Abia,Ukwa West,3,8,11,0.0,0.0,0.0,0.0,3.0,8.0
14,Abia,Umu Nneochi,3,8,11,0.0,0.0,0.0,0.0,3.0,8.0
15,Abia,Umuahia North,3,8,11,0.0,0.0,0.0,0.0,3.0,8.0
16,Abia,Umuahia South,3,8,11,0.0,0.0,0.0,0.0,3.0,8.0
17,Adamawa,Demsa,3,4,7,0.0,0.0,0.0,0.0,3.0,4.0
18,Adamawa,Fufure,3,4,7,0.0,0.0,0.0,0.0,3.0,4.0
19,Adamawa,Ganye,3,4,7,0.0,0.0,0.0,0.0,3.0,4.0
20,Adamawa,Girei,3,4,7,0.0,0.0,0.0,0.0,3.0,4.0
21,Adamawa,Gombi,3,4,7,0.0,0.0,0.0,0.0,3.0,4.0
22,Adamawa,Guyuk,3,4,7,0.0,0.0,0.0,0.0,3.0,4.0
23,Adamawa,Hong,3,4,7,0.0,0.0,0.0,0.0,3.0,4.0
24,Adamawa,Jada,3,4,7,0.0,0.0,0.0,0.0,3.0,4.0
25,Adamawa,Lamurde,3,4,7,0.0,0.0,0.0,0.0,3.0,4.0
26,Adamawa,Madagali,3,4,7,0.0,0.0,0.0,0.0,3.0,4.0
27,Adamawa,Maiha,3,4,7,0.0,0.0,0.0,0.0,3.0,4.0
28,Adamawa,Mayo Belwa,3,4,7,0.0,0.0,0.0,0.0,3.0,4.0
29,Adamawa,Michika,3,4,7,0.0,0.0,0.0,0.0,3.0,4.0
30,Adamawa,Mubi North,3,4,7,0.0,0.0,0.0,0.0,3.0,4.0
31,Adamawa,Mubi South,3,4,7,0.0,0.0,0.0,0.0,3.0,4.0
32,Adamawa,Numan,3,4,7,0.0,0.0,0.0,0.0,3.0,4.0
33,Adamawa,Shelleng,3,4,7,0.0,0.0,0.0,0.0,3.0,4.0
34,Adamawa,Song,3,4,7,0.0,0.0,0.0,0.0,3.0,4.0
35,Adamawa,Toungo,3,4,7,0.0,0.0,0.0,0.0,3.0,4.0
36,Adamawa,Yola North,3,4,7,0.0,0.0,0.0,0.0,3.0,4.0
37,Adamawa,Yola South,3,4,7,0.0,0.0,0.0,0.0,3.0,4.0
38,Akwa-Ibom,Abak,3,6,9,0.0,0.0,0.0,0.0,3.0,6.0
39,Akwa-Ibom,Eastern Obolo,3,6,9,0.0,0.0,0.0,0.0,3.0,6.0
40,Akwa-Ibom,Eket,3,6,9,3.0,4.0,100.0,66.66666666666666,0.0,2.0
41,Akwa-Ibom,Esit Eket,3,6,9,0.0,0.0,0.0,0.0,3.0,6.0
42,Akwa-Ibom,Essien Udim,3,6,9,0.0,0.0,0.0,0.0,3.0,6.0
43,Akwa-Ibom,Etim Ekpo,3,6,9,0.0,0.0,0.0,0.0,3.0,6.0
44,Akwa-Ibom,Etinan,3,6,9,3.0,6.0,100.0,100.0,0.0,0.0
45,Akwa-Ibom,Ibeno,3,6,9,0.0,0.0,0.0,0.0,3.0,6.0
46,Akwa-Ibom,Ibesikpo Asutan,3,6,9,6.0,3.0,200.0,50.0,0.0,3.0
47,Akwa-Ibom,Ibiono-Ibom,3,6,9,0.0,0.0,0.0,0.0,3.0,6.0
48,Akwa-Ibom,Ika,3,6,9,0.0,0.0,0.0,0.0,3.0,6.0
49,Akwa-Ibom,Ikono,3,6,9,0.0,0.0,0.0,0.0,3.0,6.0
50,Akwa-Ibom,Ikot Abasi (village),3,6,9,0.0,0.0,0.0,0.0,3.0,6.0
51,Akwa-Ibom,Ikot Ekpene,3,6,9,0.0,0.0,0.0,0.0,3.0,6.0
52,Akwa-Ibom,Ini,3,6,9,0.0,0.0,0.0,0.0,3.0,6.0
53,Akwa-Ibom,Itu,3,6,9,2.0,5.0,66.66666666666666,83.33333333333334,1.0,1.0
54,Akwa-Ibom,Mbo,3,6,9,0.0,0.0,0.0,0.0,3.0,6.0
55,Akwa-Ibom,Mkpat-Enin,3,6,9,0.0,0.0,0.0,0.0,3.0,6.0
56,Akwa-Ibom,Nsit-Atai,3,6,9,0.0,0.0,0.0,0.0,3.0,6.0
57,Akwa-Ibom,Nsit-Ibom,3,6,9,0.0,0.0,0.0,0.0,3.0,6.0
58,Akwa-Ibom,Nsit-Ubium,3,6,9,0.0,0.0,0.0,0.0,3.0,6.0
59,Akwa-Ibom,Obot Akara,3,6,9,0.0,0.0,0.0,0.0,3.0,6.0
60,Akwa-Ibom,Okobo,3,6,9,3.0,4.0,100.0,66.66666666666666,0.0,2.0
61,Akwa-Ibom,Onna,3,6,9,0.0,0.0,0.0,0.0,3.0,6.0
62,Akwa-Ibom,Oron,3,6,9,3.0,5.0,100.0,83.33333333333334,0.0,1.0
63,Akwa-Ibom,Oruk Anam,3,6,9,0.0,0.0,0.0,0.0,3.0,6.0
64,Akwa-Ibom,Udung-Uko,3,6,9,0.0,0.0,0.0,0.0,3.0,6.0
65,Akwa-Ibom,Ukanafun,3,6,9,0.0,0.0,0.0,0.0,3.0,6.0
66,Akwa-Ibom,Uruan,3,6,9,0.0,5.0,0.0,83.33333333333334,3.0,1.0
67,Akwa-Ibom,Urue-Offong/Oruko,3,6,9,0.0,0.0,0.0,0.0,3.0,6.0
68,Akwa-Ibom,Uyo,3,6,9,9.0,9.0,300.0,150.0,0.0,0.0
69,Anambra,Aguata,10,3,13,0.0,0.0,0.0,0.0,10.0,3.0
70,Anambra,Anambra East,10,3,13,0.0,0.0,0.0,0.0,10.0,3.0
71,Anambra,Anambra West,10,3,13,0.0,0.0,0.0,0.0,10.0,3.0
72,Anambra,Anaocha,10,3,13,0.0,0.0,0.0,0.0,10.0,3.0
73,Anambra,Awka North,10,3,13,0.0,0.0,0.0,0.0,10.0,3.0
74,Anambra,Awka South,10,3,13,0.0,0.0,0.0,0.0,10.0,3.0
75,Anambra,Ayamelum,10,3,13,0.0,0.0,0.0,0.0,10.0,3.0
76,Anambra,Dunukofia,10,3,13,0.0,0.0,0.0,0.0,10.0,3.0
77,Anambra,Ekwusigo,10,3,13,0.0,0.0,0.0,0.0,10.0,3.0
78,Anambra,Idemili North,10,3,13,0.0,0.0,0.0,0.0,10.0,3.0
79,Anambra,Idemili South,10,3,13,0.0,0.0,0.0,0.0,10.0,3.0
80,Anambra,Ihiala,10,3,13,0.0,0.0,0.0,0.0,10.0,3.0
81,Anambra,Njikoka,10,3,13,0.0,0.0,0.0,0.0,10.0,3.0
82,Anambra,Nnewi North,10,3,13,0.0,0.0,0.0,0.0,10.0,3.0
83,Anambra,Nnewi South,10,3,13,0.0,0.0,0.0,0.0,10.0,3.0
84,Anambra,Ogbaru,10,3,13,0.0,0.0,0.0,0.0,10.0,3.0
85,Anambra,Onitsha North,10,3,13,0.0,0.0,0.0,0.0,10.0,3.0
86,Anambra,Onitsha South,10,3,13,0.0,0.0,0.0,0.0,10.0,3.0
87,Anambra,Orumba North,10,3,13,0.0,0.0,0.0,0.0,10.0,3.0
88,Anambra,Orumba South,10,3,13,0.0,0.0,0.0,0.0,10.0,3.0
89,Anambra,Oyi,10,3,13,0.0,0.0,0.0,0.0,10.0,3.0
90,Bauchi,Alkaleri,3,7,10,0.0,0.0,0.0,0.0,3.0,7.0
91,Bauchi,Bauchi,3,7,10,0.0,0.0,0.0,0.0,3.0,7.0
92,Bauchi,Bogoro,3,7,10,0.0,0.0,0.0,0.0,3.0,7.0
93,Bauchi,Damban,3,7,10,0.0,0.0,0.0,0.0,3.0,7.0
94,Bauchi,Darazo,3,7,10,0.0,0.0,0.0,0.0,3.0,7.0
95,Bauchi,Dass,3,7,10,0.0,0.0,0.0,0.0,3.0,7.0
96,Bauchi,Gamawa,3,7,10,0.0,0.0,0.0,0.0,3.0,7.0
97,Bauchi,Ganjuwa,3,7,10,0.0,0.0,0.0,0.0,3.0,7.0
98,Bauchi,Giade,3,7,10,0.0,0.0,0.0,0.0,3.0,7.0
99,Bauchi,Itas/Gadau,3,7,10,0.0,0.0,0.0,0.0,3.0,7.0
100,Bauchi,Jama'are,3,7,10,0.0,0.0,0.0,0.0,3.0,7.0
101,Bauchi,Katagum,3,7,10,0.0,0.0,0.0,0.0,3.0,7.0
102,Bauchi,Kirfi,3,7,10,0.0,0.0,0.0,0.0,3.0,7.0
103,Bauchi,Misau,3,7,10,0.0,0.0,0.0,0.0,3.0,7.0
104,Bauchi,Ningi,3,7,10,0.0,0.0,0.0,0.0,3.0,7.0
105,Bauchi,Shira,3,7,10,0.0,0.0,0.0,0.0,3.0,7.0
106,Bauchi,Tafawa Balewa,3,7,10,0.0,0.0,0.0,0.0,3.0,7.0
107,Bauchi,Toro,3,7,10,0.0,0.0,0.0,0.0,3.0,7.0
108,Bauchi,Warji,3,7,10,0.0,0.0,0.0,0.0,3.0,7.0
109,Bauchi,Zaki,3,7,10,0.0,0.0,0.0,0.0,3.0,7.0
110,Bayelsa,Brass,3,7,10,0.0,0.0,0.0,0.0,3.0,7.0
111,Bayelsa,Ekeremor,3,7,10,3.0,6.0,100.0,85.71428571428571,0.0,1.0
112,Bayelsa,Kolokuma/Opokuma,3,7,10,1.0,5.0,33.33333333333333,71.42857142857143,2.0,2.0
113,Bayelsa,Nembe,3,7,10,1.0,0.0,33.33333333333333,0.0,2.0,7.0
114,Bayelsa,Ogbia,3,7,10,2.0,7.0,66.66666666666666,100.0,1.0,0.0
115,Bayelsa,Sagbama,3,7,10,3.0,5.0,100.0,71.42857142857143,0.0,2.0
116,Bayelsa,Southern Ijaw,3,7,10,4.0,6.0,133.33333333333331,85.71428571428571,0.0,1.0
117,Bayelsa,Yenagoa,3,7,10,7.0,3.0,233.33333333333334,42.857142857142854,0.0,4.0
118,Benue,Ado,3,8,11,0.0,0.0,0.0,0.0,3.0,8.0
119,Benue,Agatu,3,8,11,0.0,0.0,0.0,0.0,3.0,8.0
120,Benue,Apa,3,8,11,0.0,0.0,0.0,0.0,3.0,8.0
121,Benue,Buruku,3,8,11,0.0,0.0,0.0,0.0,3.0,8.0
122,Benue,Gboko,3,8,11,0.0,0.0,0.0,0.0,3.0,8.0
123,Benue,Guma,3,8,11,0.0,0.0,0.0,0.0,3.0,8.0
124,Benue,Gwer East,3,8,11,0.0,0.0,0.0,0.0,3.0,8.0
125,Benue,Gwer West,3,8,11,0.0,0.0,0.0,0.0,3.0,8.0
126,Benue,Katsina-Ala,3,8,11,0.0,0.0,0.0,0.0,3.0,8.0
127,Benue,Konshisha,3,8,11,0.0,0.0,0.0,0.0,3.0,8.0
128,Benue,Kwande,3,8,11,0.0,0.0,0.0,0.0,3.0,8.0
129,Benue,Logo,3,8,11,0.0,0.0,0.0,0.0,3.0,8.0
130,Benue,Makurdi,3,8,11,0.0,0.0,0.0,0.0,3.0,8.0
131,Benue,Obi,3,8,11,0.0,0.0,0.0,0.0,3.0,8.0
132,Benue,Ogbadibo,3,8,11,0.0,0.0,0.0,0.0,3.0,8.0
133,Benue,Ohimini,3,8,11,0.0,0.0,0.0,0.0,3.0,8.0
134,Benue,Oju,3,8,11,0.0,0.0,0.0,0.0,3.0,8.0
135,Benue,Okpokwu,3,8,11,0.0,0.0,0.0,0.0,3.0,8.0
136,Benue,Oturkpo,3,8,11,0.0,0.0,0.0,0.0,3.0,8.0
137,Benue,Tarka,3,8,11,0.0,0.0,0.0,0.0,3.0,8.0
138,Benue,Ukum,3,8,11,0.0,0.0,0.0,0.0,3.0,8.0
139,Benue,Ushongo,3,8,11,0.0,0.0,0.0,0.0,3.0,8.0
140,Benue,Vandeikya,3,8,11,0.0,0.0,0.0,0.0,3.0,8.0
141,Borno,Abadam,3,3,6,0.0,0.0,0.0,0.0,3.0,3.0
142,Borno,Askira/Uba,3,3,6,0.0,0.0,0.0,0.0,3.0,3.0
143,Borno,Bama,3,3,6,0.0,0.0,0.0,0.0,3.0,3.0
144,Borno,Bayo,3,3,6,0.0,0.0,0.0,0.0,3.0,3.0
145,Borno,Biu,3,3,6,0.0,0.0,0.0,0.0,3.0,3.0
146,Borno,Chibok,3,3,6,0.0,0.0,0.0,0.0,3.0,3.0
147,Borno,Damboa,3,3,6,0.0,0.0,0.0,0.0,3.0,3.0
148,Borno,Dikwa,3,3,6,0.0,0.0,0.0,0.0,3.0,3.0
149,Borno,Gubio,3,3,6,0.0,0.0,0.0,0.0,3.0,3.0
150,Borno,Guzamala,3,3,6,0.0,0.0,0.0,0.0,3.0,3.0
151,Borno,Gwoza,3,3,6,0.0,0.0,0.0,0.0,3.0,3.0
152,Borno,Hawul,3,3,6,0.0,0.0,0.0,0.0,3.0,3.0
153,Borno,Jere,3,3,6,0.0,0.0,0.0,0.0,3.0,3.0
154,Borno,Kaga,3,3,6,0.0,0.0,0.0,0.0,3.0,3.0
155,Borno,Kala/Balge,3,3,6,0.0,0.0,0.0,0.0,3.0,3.0
156,Borno,Konduga,3,3,6,0.0,0.0,0.0,0.0,3.0,3.0
157,Borno,Kukawa,3,3,6,0.0,0.0,0.0,0.0,3.0,3.0
158,Borno,Kwaya Kusar,3,3,6,0.0,0.0,0.0,0.0,3.0,3.0
159,Borno,Mafa,3,3,6,0.0,0.0,0.0,0.0,3.0,3.0
160,Borno,Magumeri,3,3,6,0.0,0.0,0.0,0.0,3.0,3.0
161,Borno,Maiduguri,3,3,6,0.0,0.0,0.0,0.0,3.0,3.0
162,Borno,Marte,3,3,6,0.0,0.0,0.0,0.0,3.0,3.0
163,Borno,Mobbar,3,3,6,0.0,0.0,0.0,0.0,3.0,3.0
164,Borno,Monguno,3,3,6,0.0,0.0,0.0,0.0,3.0,3.0
165,Borno,Ngala,3,3,6,0.0,0.0,0.0,0.0,3.0,3.0
166,Borno,Nganzai,3,3,6,0.0,0.0,0.0,0.0,3.0,3.0
167,Borno,Shani,3,3,6,0.0,0.0,0.0,0.0,3.0,3.0
168,Cross River,Abi,3,8,11,0.0,0.0,0.0,0.0,3.0,8.0
169,Cross River,Akamkpa,3,8,11,0.0,0.0,0.0,0.0,3.0,8.0
170,Cross River,Akpabuyo,3,8,11,3.0,7.0,100.0,87.5,0.0,1.0
171,Cross River,Bakassi,3,8,11,5.0,5.0,166.66666666666669,62.5,0.0,3.0
172,Cross River,Bekwarra,3,8,11,0.0,0.0,0.0,0.0,3.0,8.0
173,Cross River,Biase,3,8,11,0.0,0.0,0.0,0.0,3.0,8.0
174,Cross River,Boki,3,8,11,0.0,0.0,0.0,0.0,3.0,8.0
175,Cross River,Calabar Municipal,3,8,11,5.0,7.0,166.66666666666669,87.5,0.0,1.0
176,Cross River,Calabar South,3,8,11,2.0,10.0,66.66666666666666,125.0,1.0,0.0
177,Cross River,Etung,3,8,11,0.0,0.0,0.0,0.0,3.0,8.0
178,Cross River,Ikom,3,8,11,0.0,0.0,0.0,0.0,3.0,8.0
179,Cross River,Obanliku,3,8,11,0.0,0.0,0.0,0.0,3.0,8.0
180,Cross River,Obubra,3,8,11,0.0,0.0,0.0,0.0,3.0,8.0
181,Cross River,Obudu,3,8,11,0.0,0.0,0.0,0.0,3.0,8.0
182,Cross River,Odukpani,3,8,11,3.0,2.0,100.0,25.0,0.0,6.0
183,Cross River,Ogoja,3,8,11,0.0,0.0,0.0,0.0,3.0,8.0
184,Cross River,Yakurr,3,8,11,0.0,0.0,0.0,0.0,3.0,8.0
185,Cross River,Yala,3,8,11,0.0,0.0,0.0,0.0,3.0,8.0
186,Delta,Aniocha North,5,5,10,0.0,0.0,0.0,0.0,5.0,5.0
187,Delta,Aniocha South,5,5,10,0.0,0.0,0.0,0.0,5.0,5.0
188,Delta,Bomadi,5,5,10,0.0,0.0,0.0,0.0,5.0,5.0
189,Delta,Burutu,5,5,10,0.0,0.0,0.0,0.0,5.0,5.0
190,Delta,Ethiope East,5,5,10,0.0,0.0,0.0,0.0,5.0,5.0
191,Delta,Ethiope West,5,5,10,0.0,0.0,0.0,0.0,5.0,5.0
192,Delta,Ika North East,5,5,10,0.0,0.0,0.0,0.0,5.0,5.0
193,Delta,Ika South,5,5,10,0.0,0.0,0.0,0.0,5.0,5.0
194,Delta,Isoko North,5,5,10,0.0,7.0,0.0,140.0,5.0,0.0
195,Delta,Isoko South,5,5,10,0.0,6.0,0.0,120.0,5.0,0.0
196,Delta,Ndokwa East,5,5,10,0.0,0.0,0.0,0.0,5.0,5.0
197,Delta,Ndokwa West,5,5,10,0.0,0.0,0.0,0.0,5.0,5.0
198,Delta,Okpe,5,5,10,0.0,0.0,0.0,0.0,5.0,5.0
199,Delta,Oshimili North,5,5,10,0.0,0.0,0.0,0.0,5.0,5.0
200,Delta,Oshimili South,5,5,10,0.0,0.0,0.0,0.0,5.0,5.0
201,Delta,Patani,5,5,10,0.0,0.0,0.0,0.0,5.0,5.0
202,Delta,Sapele,5,5,10,0.0,0.0,0.0,0.0,5.0,5.0
203,Delta,Udu,5,5,10,0.0,0.0,0.0,0.0,5.0,5.0
204,Delta,Ughelli North,5,5,10,5.0,6.0,100.0,120.0,0.0,0.0
205,Delta,Ughelli South,5,5,10,0.0,0.0,0.0,0.0,5.0,5.0
206,Delta,Ukwuani,5,5,10,0.0,0.0,0.0,0.0,5.0,5.0
207,Delta,Uvwie,5,5,10,4.0,0.0,80.0,0.0,1.0,5.0
208,Delta,Warri North,5,5,10,0.0,0.0,0.0,0.0,5.0,5.0
209,Delta,Warri South,5,5,10,5.0,0.0,100.0,0.0,0.0,5.0
210,Delta,Warri South West,5,5,10,0.0,0.0,0.0,0.0,5.0,5.0
211,Ebonyi,Abakaliki,7,3,10,0.0,0.0,0.0,0.0,7.0,3.0
212,Ebonyi,Afikpo,7,3,10,0.0,0.0,0.0,0.0,7.0,3.0
213,Ebonyi,Ebonyi,7,3,10,0.0,0.0,0.0,0.0,7.0,3.0
214,Ebonyi,Edda,7,3,10,0.0,0.0,0.0,0.0,7.0,3.0
215,Ebonyi,Ezza North,7,3,10,0.0,0.0,0.0,0.0,7.0,3.0
216,Ebonyi,Ezza South,7,3,10,0.0,0.0,0.0,0.0,7.0,3.0
217,Ebonyi,Ikwo,7,3,10,0.0,0.0,0.0,0.0,7.0,3.0
218,Ebonyi,Ishielu,7,3,10,0.0,0.0,0.0,0.0,7.0,3.0
219,Ebonyi,Ivo,7,3,10,0.0,0.0,0.0,0.0,7.0,3.0
220,Ebonyi,Izzi,7,3,10,0.0,0.0,0.0,0.0,7.0,3.0
221,Ebonyi,Ohaozara,7,3,10,0.0,0.0,0.0,0.0,7.0,3.0
222,Ebonyi,Ohaukwu,7,3,10,0.0,0.0,0.0,0.0,7.0,3.0
223,Ebonyi,Onicha,7,3,10,0.0,0.0,0.0,0.0,7.0,3.0
224,Edo,Akoko-Edo,6,4,10,0.0,0.0,0.0,0.0,6.0,4.0
225,Edo,Benin,6,4,10,0.0,0.0,0.0,0.0,6.0,4.0
226,Edo,Egor,6,4,10,6.0,4.0,100.0,100.0,0.0,0.0
227,Edo,Esan Central,6,4,10,0.0,0.0,0.0,0.0,6.0,4.0
228,Edo,Esan North-East,6,4,10,0.0,0.0,0.0,0.0,6.0,4.0
229,Edo,Esan South-East,6,4,10,0.0,0.0,0.0,0.0,6.0,4.0
230,Edo,Esan West,6,4,10,0.0,0.0,0.0,0.0,6.0,4.0
231,Edo,Etsako Central,6,4,10,0.0,0.0,0.0,0.0,6.0,4.0
232,Edo,Etsako East,6,4,10,0.0,0.0,0.0,0.0,6.0,4.0
233,Edo,Etsako West,6,4,10,0.0,0.0,0.0,0.0,6.0,4.0
234,Edo,Igueben,6,4,10,0.0,0.0,0.0,0.0,6.0,4.0
235,Edo,Ikpoba Okha,6,4,10,5.0,3.0,83.33333333333334,75.0,1.0,1.0
236,Edo,Oredo,6,4,10,6.0,4.0,100.0,100.0,0.0,0.0
237,Edo,Orhionmwon,6,4,10,6.0,4.0,100.0,100.0,0.0,0.0
238,Edo,Ovia North-East,6,4,10,4.0,2.0,66.66666666666666,50.0,2.0,2.0
239,Edo,Ovia South-West,6,4,10,6.0,4.0,100.0,100.0,0.0,0.0
240,Edo,Owan East,6,4,10,0.0,0.0,0.0,0.0,6.0,4.0
241,Edo,Owan West,6,4,10,0.0,0.0,0.0,0.0,6.0,4.0
242,Edo,Uhunmwonde,6,4,10,5.0,4.0,83.33333333333334,100.0,1.0,0.0
243,Ekiti,Ado Ekiti,8,3,11,9.0,3.0,112.5,100.0,0.0,0.0
244,Ekiti,Efon,8,3,11,4.0,2.0,50.0,66.66666666666666,4.0,1.0
245,Ekiti,Ekiti East,8,3,11,0.0,0.0,0.0,0.0,8.0,3.0
246,Ekiti,Ekiti South-West,8,3,11,8.0,3.0,100.0,100.0,0.0,0.0
247,Ekiti,Ekiti West,8,3,11,0.0,0.0,0.0,0.0,8.0,3.0
248,Ekiti,Emure,8,3,11,8.0,2.0,100.0,66.66666666666666,0.0,1.0
249,Ekiti,Gbonyin,8,3,11,8.0,3.0,100.0,100.0,0.0,0.0
250,Ekiti,Ido Osi,8,3,11,8.0,0.0,100.0,0.0,0.0,3.0
251,Ekiti,Ijero,8,3,11,9.0,2.0,112.5,66.66666666666666,0.0,1.0
252,Ekiti,Ikere,8,3,11,8.0,3.0,100.0,100.0,0.0,0.0
253,Ekiti,Ikole,8,3,11,8.0,3.0,100.0,100.0,0.0,0.0
254,Ekiti,Ilejemeje,8,3,11,0.0,0.0,0.0,0.0,8.0,3.0
255,Ekiti,Irepodun/Ifelodun,8,3,11,8.0,2.0,100.0,66.66666666666666,0.0,1.0
256,Ekiti,Ise/Orun,8,3,11,6.0,0.0,75.0,0.0,2.0,3.0
257,Ekiti,Moba,8,3,11,0.0,0.0,0.0,0.0,8.0,3.0
258,Ekiti,Oye,8,3,11,7.0,3.0,87.5,100.0,1.0,0.0
259,Enugu,Aninri,8,3,11,0.0,0.0,0.0,0.0,8.0,3.0
260,Enugu,Awgu,8,3,11,0.0,0.0,0.0,0.0,8.0,3.0
261,Enugu,Enugu East,8,3,11,0.0,0.0,0.0,0.0,8.0,3.0
262,Enugu,Enugu North,8,3,11,0.0,0.0,0.0,0.0,8.0,3.0
263,Enugu,Enugu South,8,3,11,0.0,0.0,0.0,0.0,8.0,3.0
264,Enugu,Ezeagu,8,3,11,0.0,0.0,0.0,0.0,8.0,3.0
265,Enugu,Igbo Etiti,8,3,11,0.0,0.0,0.0,0.0,8.0,3.0
266,Enugu,Igbo Eze North,8,3,11,0.0,0.0,0.0,0.0,8.0,3.0
267,Enugu,Igbo Eze South,8,3,11,0.0,0.0,0.0,0.0,8.0,3.0
268,Enugu,Isi Uzo,8,3,11,0.0,0.0,0.0,0.0,8.0,3.0
269,Enugu,Nkanu East,8,3,11,0.0,0.0,0.0,0.0,8.0,3.0
270,Enugu,Nkanu West,8,3,11,0.0,0.0,0.0,0.0,8.0,3.0
271,Enugu,Nsukka,8,3,11,0.0,0.0,0.0,0.0,8.0,3.0
272,Enugu,Oji River,8,3,11,0.0,0.0,0.0,0.0,8.0,3.0
273,Enugu,Udenu,8,3,11,0.0,0.0,0.0,0.0,8.0,3.0
274,Enugu,Udi,8,3,11,0.0,0.0,0.0,0.0,8.0,3.0
275,Enugu,Uzo-Uwani,8,3,11,0.0,0.0,0.0,0.0,8.0,3.0
276,Federal Capital Territory,Abaji,17,7,24,0.0,0.0,0.0,0.0,17.0,7.0
277,Federal Capital Territory,Abuja Municipal Area Council,17,7,24,0.0,0.0,0.0,0.0,17.0,7.0
278,Federal Capital Territory,Bwari,17,7,24,0.0,0.0,0.0,0.0,17.0,7.0
279,Federal Capital Territory,Gwagwalada,17,7,24,0.0,0.0,0.0,0.0,17.0,7.0
280,Federal Capital Territory,Kuje,17,7,24,0.0,0.0,0.0,0.0,17.0,7.0
281,Federal Capital Territory,Kwali,17,7,24,0.0,0.0,0.0,0.0,17.0,7.0
282,Gombe,Akko,3,8,11,0.0,0.0,0.0,0.0,3.0,8.0
283,Gombe,Balanga,3,8,11,0.0,0.0,0.0,0.0,3.0,8.0
284,Gombe,Billiri,3,8,11,0.0,0.0,0.0,0.0,3.0,8.0
285,Gombe,Dukku,3,8,11,0.0,0.0,0.0,0.0,3.0,8.0
286,Gombe,Funakaye,3,8,11,0.0,0.0,0.0,0.0,3.0,8.0
287,Gombe,Gombe,3,8,11,0.0,0.0,0.0,0.0,3.0,8.0
288,Gombe,Kaltungo,3,8,11,0.0,0.0,0.0,0.0,3.0,8.0
289,Gombe,Kwami,3,8,11,0.0,0.0,0.0,0.0,3.0,8.0
290,Gombe,Nafada,3,8,11,0.0,0.0,0.0,0.0,3.0,8.0
291,Gombe,Shongom,3,8,11,0.0,0.0,0.0,0.0,3.0,8.0
292,Gombe,Yamaltu/Deba,3,8,11,0.0,0.0,0.0,0.0,3.0,8.0
293,Imo,Aboh Mbaise,4,4,8,0.0,0.0,0.0,0.0,4.0,4.0
294,Imo,Ahiazu Mbaise,4,4,8,0.0,0.0,0.0,0.0,4.0,4.0
295,Imo,Ehime Mbano,4,4,8,0.0,0.0,0.0,0.0,4.0,4.0
296,Imo,Ezinihitte,4,4,8,0.0,0.0,0.0,0.0,4.0,4.0
297,Imo,Ideato North,4,4,8,0.0,0.0,0.0,0.0,4.0,4.0
298,Imo,Ideato South,4,4,8,0.0,0.0,0.0,0.0,4.0,4.0
299,Imo,Ihitte/Uboma,4,4,8,0.0,0.0,0.0,0.0,4.0,4.0
300,Imo,Ikeduru,4,4,8,0.0,0.0,0.0,0.0,4.0,4.0
301,Imo,Isiala Mbano,4,4,8,0.0,0.0,0.0,0.0,4.0,4.0
302,Imo,Isu,4,4,8,0.0,0.0,0.0,0.0,4.0,4.0
303,Imo,Mbaitoli,4,4,8,0.0,0.0,0.0,0.0,4.0,4.0
304,Imo,Ngor Okpala,4,4,8,0.0,0.0,0.0,0.0,4.0,4.0
305,Imo,Njaba,4,4,8,0.0,0.0,0.0,0.0,4.0,4.0
306,Imo,Nkwerre,4,4,8,0.0,0.0,0.0,0.0,4.0,4.0
307,Imo,Nwangele,4,4,8,0.0,0.0,0.0,0.0,4.0,4.0
308,Imo,Obowo,4,4,8,0.0,0.0,0.0,0.0,4.0,4.0
309,Imo,Oguta,4,4,8,0.0,0.0,0.0,0.0,4.0,4.0
310,Imo,Ohaji/Egbema,4,4,8,0.0,0.0,0.0,0.0,4.0,4.0
311,Imo,Okigwe,4,4,8,0.0,0.0,0.0,0.0,4.0,4.0
312,Imo,Onuimo,4,4,8,0.0,0.0,0.0,0.0,4.0,4.0
313,Imo,Orlu,4,4,8,0.0,0.0,0.0,0.0,4.0,4.0
314,Imo,Orsu,4,4,8,0.0,0.0,0.0,0.0,4.0,4.0
315,Imo,Oru East,4,4,8,0.0,0.0,0.0,0.0,4.0,4.0
316,Imo,Oru West,4,4,8,0.0,0.0,0.0,0.0,4.0,4.0
317,Imo,Owerri Municipal,4,4,8,0.0,0.0,0.0,0.0,4.0,4.0
318,Imo,Owerri North,4,4,8,0.0,0.0,0.0,0.0,4.0,4.0
319,Imo,Owerri West,4,4,8,0.0,0.0,0.0,0.0,4.0,4.0
320,Jigawa,Auyo,3,5,8,0.0,0.0,0.0,0.0,3.0,5.0
321,Jigawa,Babura,3,5,8,0.0,0.0,0.0,0.0,3.0,5.0
322,Jigawa,Birnin Kudu,3,5,8,0.0,0.0,0.0,0.0,3.0,5.0
323,Jigawa,Birniwa,3,5,8,0.0,0.0,0.0,0.0,3.0,5.0
324,Jigawa,Buji,3,5,8,0.0,0.0,0.0,0.0,3.0,5.0
325,Jigawa,Dutse,3,5,8,0.0,0.0,0.0,0.0,3.0,5.0
326,Jigawa,Gagarawa,3,5,8,0.0,0.0,0.0,0.0,3.0,5.0
327,Jigawa,Garki,3,5,8,0.0,0.0,0.0,0.0,3.0,5.0
328,Jigawa,Gumel,3,5,8,0.0,0.0,0.0,0.0,3.0,5.0
329,Jigawa,Guri,3,5,8,0.0,0.0,0.0,0.0,3.0,5.0
330,Jigawa,Gwaram,3,5,8,0.0,0.0,0.0,0.0,3.0,5.0
331,Jigawa,Gwiwa,3,5,8,0.0,0.0,0.0,0.0,3.0,5.0
332,Jigawa,Hadejia,3,5,8,0.0,0.0,0.0,0.0,3.0,5.0
333,Jigawa,Jahun,3,5,8,0.0,0.0,0.0,0.0,3.0,5.0
334,Jigawa,Kafin Hausa,3,5,8,0.0,0.0,0.0,0.0,3.0,5.0
335,Jigawa,Kaugama,3,5,8,0.0,0.0,0.0,0.0,3.0,5.0
336,Jigawa,Kazaure,3,5,8,0.0,0.0,0.0,0.0,3.0,5.0
337,Jigawa,Kiri Kasama,3,5,8,0.0,0.0,0.0,0.0,3.0,5.0
338,Jigawa,Kiyawa,3,5,8,0.0,0.0,0.0,0.0,3.0,5.0
339,Jigawa,Maigatari,3,5,8,0.0,0.0,0.0,0.0,3.0,5.0
340,Jigawa,Malam Madori,3,5,8,0.0,0.0,0.0,0.0,3.0,5.0
341,Jigawa,Miga,3,5,8,0.0,0.0,0.0,0.0,3.0,5.0
342,Jigawa,Ringim,3,5,8,0.0,0.0,0.0,0.0,3.0,5.0
343,Jigawa,Roni,3,5,8,0.0,0.0,0.0,0.0,3.0,5.0
344,Jigawa,Sule Tankarkar,3,5,8,0.0,0.0,0.0,0.0,3.0,5.0
345,Jigawa,Taura,3,5,8,0.0,0.0,0.0,0.0,3.0,5.0
346,Jigawa,Yankwashi,3,5,8,0.0,0.0,0.0,0.0,3.0,5.0
347,Kaduna,Birnin Gwari,4,5,9,0.0,0.0,0.0,0.0,4.0,5.0
348,Kaduna,Chikun,4,5,9,0.0,0.0,0.0,0.0,4.0,5.0
349,Kaduna,Giwa,4,5,9,0.0,0.0,0.0,0.0,4.0,5.0
350,Kaduna,Igabi,4,5,9,0.0,0.0,0.0,0.0,4.0,5.0
351,Kaduna,Ikara,4,5,9,0.0,0.0,0.0,0.0,4.0,5.0
352,Kaduna,Jaba,4,5,9,0.0,0.0,0.0,0.0,4.0,5.0
353,Kaduna,Jema'a,4,5,9,0.0,0.0,0.0,0.0,4.0,5.0
354,Kaduna,Kachia,4,5,9,0.0,0.0,0.0,0.0,4.0,5.0
355,Kaduna,Kaduna North,4,5,9,0.0,0.0,0.0,0.0,4.0,5.0
356,Kaduna,Kaduna South,4,5,9,0.0,0.0,0.0,0.0,4.0,5.0
357,Kaduna,Kagarko,4,5,9,0.0,0.0,0.0,0.0,4.0,5.0
358,Kaduna,Kajuru,4,5,9,0.0,0.0,0.0,0.0,4.0,5.0
359,Kaduna,Kaura,4,5,9,0.0,0.0,0.0,0.0,4.0,5.0
360,Kaduna,Kauru,4,5,9,0.0,0.0,0.0,0.0,4.0,5.0
361,Kaduna,Kubau,4,5,9,0.0,0.0,0.0,0.0,4.0,5.0
362,Kaduna,Kudan,4,5,9,0.0,0.0,0.0,0.0,4.0,5.0
363,Kaduna,Lere,4,5,9,0.0,0.0,0.0,0.0,4.0,5.0
364,Kaduna,Makarfi,4,5,9,0.0,0.0,0.0,0.0,4.0,5.0
365,Kaduna,Sabon Gari,4,5,9,0.0,0.0,0.0,0.0,4.0,5.0
366,Kaduna,Sanga,4,5,9,0.0,0.0,0.0,0.0,4.0,5.0
367,Kaduna,Soba,4,5,9,0.0,0.0,0.0,0.0,4.0,5.0
368,Kaduna,Zangon Kataf,4,5,9,0.0,0.0,0.0,0.0,4.0,5.0
369,Kaduna,Zaria,4,5,9,0.0,0.0,0.0,0.0,4.0,5.0
370,Kano,Ajingi,3,4,7,0.0,0.0,0.0,0.0,3.0,4.0
371,Kano,Albasu,3,4,7,0.0,0.0,0.0,0.0,3.0,4.0
372,Kano,Bagwai,3,4,7,0.0,0.0,0.0,0.0,3.0,4.0
373,Kano,Bebeji,3,4,7,0.0,0.0,0.0,0.0,3.0,4.0
374,Kano,Bichi,3,4,7,0.0,0.0,0.0,0.0,3.0,4.0
375,Kano,Bunkure,3,4,7,0.0,0.0,0.0,0.0,3.0,4.0
376,Kano,Dala,3,4,7,0.0,0.0,0.0,0.0,3.0,4.0
377,Kano,Dambatta,3,4,7,0.0,0.0,0.0,0.0,3.0,4.0
378,Kano,Dawakin Kudu,3,4,7,0.0,0.0,0.0,0.0,3.0,4.0
379,Kano,Dawakin Tofa,3,4,7,0.0,0.0,0.0,0.0,3.0,4.0
380,Kano,Doguwa,3,4,7,0.0,0.0,0.0,0.0,3.0,4.0
381,Kano,Fagge,3,4,7,0.0,0.0,0.0,0.0,3.0,4.0
382,Kano,Gabasawa,3,4,7,0.0,0.0,0.0,0.0,3.0,4.0
383,Kano,Garko,3,4,7,0.0,0.0,0.0,0.0,3.0,4.0
384,Kano,Garun Mallam,3,4,7,0.0,0.0,0.0,0.0,3.0,4.0
385,Kano,Gaya,3,4,7,0.0,0.0,0.0,0.0,3.0,4.0
386,Kano,Gezawa,3,4,7,0.0,0.0,0.0,0.0,3.0,4.0
387,Kano,Gwale,3,4,7,0.0,0.0,0.0,0.0,3.0,4.0
388,Kano,Gwarzo,3,4,7,0.0,0.0,0.0,0.0,3.0,4.0
389,Kano,Kabo,3,4,7,0.0,0.0,0.0,0.0,3.0,4.0
390,Kano,Kano Municipal,3,4,7,0.0,0.0,0.0,0.0,3.0,4.0
391,Kano,Karaye,3,4,7,0.0,0.0,0.0,0.0,3.0,4.0
392,Kano,Kibiya,3,4,7,0.0,0.0,0.0,0.0,3.0,4.0
393,Kano,Kiru,3,4,7,0.0,0.0,0.0,0.0,3.0,4.0
394,Kano,Kumbotso,3,4,7,0.0,0.0,0.0,0.0,3.0,4.0
395,Kano,Kunchi,3,4,7,0.0,0.0,0.0,0.0,3.0,4.0
396,Kano,Kura,3,4,7,0.0,0.0,0.0,0.0,3.0,4.0
397,Kano,Madobi,3,4,7,0.0,0.0,0.0,0.0,3.0,4.0
398,Kano,Makoda,3,4,7,0.0,0.0,0.0,0.0,3.0,4.0
399,Kano,Minjibir,3,4,7,0.0,0.0,0.0,0.0,3.0,4.0
400,Kano,Nasarawa,3,4,7,0.0,0.0,0.0,0.0,3.0,4.0
401,Kano,Rano,3,4,7,0.0,0.0,0.0,0.0,3.0,4.0
402,Kano,Rimin Gado,3,4,7,0.0,0.0,0.0,0.0,3.0,4.0
403,Kano,Rogo,3,4,7,0.0,0.0,0.0,0.0,3.0,4.0
404,Kano,Shanono,3,4,7,0.0,0.0,0.0,0.0,3.0,4.0
405,Kano,Sumaila,3,4,7,0.0,0.0,0.0,0.0,3.0,4.0
406,Kano,Takai,3,4,7,0.0,0.0,0.0,0.0,3.0,4.0
407,Kano,Tarauni,3,4,7,0.0,0.0,0.0,0.0,3.0,4.0
408,Kano,Tofa,3,4,7,0.0,0.0,0.0,0.0,3.0,4.0
409,Kano,Tsanyawa,3,4,7,0.0,0.0,0.0,0.0,3.0,4.0
410,Kano,Tudun Wada,3,4,7,0.0,0.0,0.0,0.0,3.0,4.0
411,Kano,Ungogo,3,4,7,0.0,0.0,0.0,0.0,3.0,4.0
412,Kano,Warawa,3,4,7,0.0,0.0,0.0,0.0,3.0,4.0
413,Kano,Wudil,3,4,7,0.0,0.0,0.0,0.0,3.0,4.0
414,Kastina,Bakori,3,5,8,0.0,0.0,0.0,0.0,3.0,5.0
415,Kastina,Batagarawa,3,5,8,0.0,0.0,0.0,0.0,3.0,5.0
416,Kastina,Batsari,3,5,8,0.0,0.0,0.0,0.0,3.0,5.0
417,Kastina,Baure,3,5,8,0.0,0.0,0.0,0.0,3.0,5.0
418,Kastina,Bindawa,3,5,8,0.0,0.0,0.0,0.0,3.0,5.0
419,Kastina,Charanchi,3,5,8,0.0,0.0,0.0,0.0,3.0,5.0
420,Kastina,Dan Musa,3,5,8,0.0,0.0,0.0,0.0,3.0,5.0
421,Kastina,Dandume,3,5,8,0.0,0.0,0.0,0.0,3.0,5.0
422,Kastina,Danja,3,5,8,0.0,0.0,0.0,0.0,3.0,5.0
423,Kastina,Daura,3,5,8,0.0,0.0,0.0,0.0,3.0,5.0
424,Kastina,Dutsi,3,5,8,0.0,0.0,0.0,0.0,3.0,5.0
425,Kastina,Dutsin Ma,3,5,8,0.0,0.0,0.0,0.0,3.0,5.0
426,Kastina,Faskari,3,5,8,0.0,0.0,0.0,0.0,3.0,5.0
427,Kastina,Funtua,3,5,8,0.0,0.0,0.0,0.0,3.0,5.0
428,Kastina,Ingawa,3,5,8,0.0,0.0,0.0,0.0,3.0,5.0
429,Kastina,Jibia,3,5,8,0.0,0.0,0.0,0.0,3.0,5.0
430,Kastina,Kafur,3,5,8,0.0,0.0,0.0,0.0,3.0,5.0
431,Kastina,Kaita,3,5,8,0.0,0.0,0.0,0.0,3.0,5.0
432,Kastina,Kankara,3,5,8,0.0,0.0,0.0,0.0,3.0,5.0
433,Kastina,Kankia,3,5,8,0.0,0.0,0.0,0.0,3.0,5.0
434,Kastina,Katsina,3,5,8,0.0,0.0,0.0,0.0,3.0,5.0
435,Kastina,Kurfi,3,5,8,0.0,0.0,0.0,0.0,3.0,5.0
436,Kastina,Kusada,3,5,8,0.0,0.0,0.0,0.0,3.0,5.0
437,Kastina,Mai'Adua,3,5,8,0.0,0.0,0.0,0.0,3.0,5.0
438,Kastina,Malumfashi,3,5,8,0.0,0.0,0.0,0.0,3.0,5.0
439,Kastina,Mani,3,5,8,0.0,0.0,0.0,0.0,3.0,5.0
440,Kastina,Mashi,3,5,8,0.0,0.0,0.0,0.0,3.0,5.0
441,Kastina,Matazu,3,5,8,0.0,0.0,0.0,0.0,3.0,5.0
442,Kastina,Musawa,3,5,8,0.0,0.0,0.0,0.0,3.0,5.0
443,Kastina,Rimi,3,5,8,0.0,0.0,0.0,0.0,3.0,5.0
444,Kastina,Sabuwa,3,5,8,0.0,0.0,0.0,0.0,3.0,5.0
445,Kastina,Safana,3,5,8,0.0,0.0,0.0,0.0,3.0,5.0
446,Kastina,Sandamu,3,5,8,0.0,0.0,0.0,0.0,3.0,5.0
447,Kastina,Zango,3,5,8,0.0,0.0,0.0,0.0,3.0,5.0
448,Kebbi,Aleiro,3,5,8,0.0,0.0,0.0,0.0,3.0,5.0
449,Kebbi,Arewa,3,5,8,0.0,0.0,0.0,0.0,3.0,5.0
450,Kebbi,Argungu,3,5,8,0.0,0.0,0.0,0.0,3.0,5.0
451,Kebbi,Augie,3,5,8,0.0,0.0,0.0,0.0,3.0,5.0
452,Kebbi,Bagudo,3,5,8,0.0,0.0,0.0,0.0,3.0,5.0
453,Kebbi,Birnin Kebbi,3,5,8,0.0,0.0,0.0,0.0,3.0,5.0
454,Kebbi,Bunza,3,5,8,0.0,0.0,0.0,0.0,3.0,5.0
455,Kebbi,Dandi,3,5,8,0.0,0.0,0.0,0.0,3.0,5.0
456,Kebbi,Fakai,3,5,8,0.0,0.0,0.0,0.0,3.0,5.0
457,Kebbi,Gwandu,3,5,8,0.0,0.0,0.0,0.0,3.0,5.0
458,Kebbi,Jega,3,5,8,0.0,0.0,0.0,0.0,3.0,5.0
459,Kebbi,Kalgo,3,5,8,0.0,0.0,0.0,0.0,3.0,5.0
460,Kogi,Adavi,3,5,8,0.0,0.0,0.0,0.0,3.0,5.0
461,Kogi,Ajaokuta,3,5,8,0.0,0.0,0.0,0.0,3.0,5.0
462,Kogi,Ankpa,3,5,8,0.0,0.0,0.0,0.0,3.0,5.0
463,Kogi,Bassa,3,5,8,0.0,0.0,0.0,0.0,3.0,5.0
464,Kogi,Dekina,3,5,8,0.0,0.0,0.0,0.0,3.0,5.0
465,Kogi,Ibaji,3,5,8,0.0,0.0,0.0,0.0,3.0,5.0
466,Kogi,Idah,3,5,8,0.0,0.0,0.0,0.0,3.0,5.0
467,Kogi,Igalamela-Odolu,3,5,8,0.0,0.0,0.0,0.0,3.0,5.0
468,Kogi,Ijumu,3,5,8,0.0,0.0,0.0,0.0,3.0,5.0
469,Kogi,Isanlu,3,5,8,0.0,0.0,0.0,0.0,3.0,5.0
470,Kogi,Kabba/Bunu,3,5,8,0.0,0.0,0.0,0.0,3.0,5.0
471,Kogi,Lokoja,3,5,8,0.0,0.0,0.0,0.0,3.0,5.0
472,Kogi,Mopa-Muro,3,5,8,0.0,0.0,0.0,0.0,3.0,5.0
473,Kogi,Okehi,3,5,8,0.0,0.0,0.0,0.0,3.0,5.0
474,Kogi,Okene,3,5,8,0.0,0.0,0.0,0.0,3.0,5.0
475,Kogi,Olamaboro,3,5,8,0.0,0.0,0.0,0.0,3.0,5.0
476,Kogi,Omala,3,5,8,0.0,0.0,0.0,0.0,3.0,5.0
477,Kogi,Yagba East,3,5,8,0.0,0.0,0.0,0.0,3.0,5.0
478,Kogi,Yagba West,3,5,8,0.0,0.0,0.0,0.0,3.0,5.0
479,Kwara,Asa,6,3,9,0.0,0.0,0.0,0.0,6.0,3.0
480,Kwara,BarutenA,6,3,9,0.0,0.0,0.0,0.0,6.0,3.0
481,Kwara,Ekiti,6,3,9,0.0,0.0,0.0,0.0,6.0,3.0
482,Kwara,Ifelodun,6,3,9,0.0,0.0,0.0,0.0,6.0,3.0
483,Kwara,Ilorin East,6,3,9,0.0,0.0,0.0,0.0,6.0,3.0
484,Kwara,Ilorin West,6,3,9,0.0,0.0,0.0,0.0,6.0,3.0
485,Kwara,Irepodun,6,3,9,0.0,0.0,0.0,0.0,6.0,3.0
486,Kwara,Isin,6,3,9,0.0,0.0,0.0,0.0,6.0,3.0
487,Kwara,Kaiama,6,3,9,0.0,0.0,0.0,0.0,6.0,3.0
488,Kwara,Latiagi,6,3,9,0.0,0.0,0.0,0.0,6.0,3.0
489,Kwara,Moro,6,3,9,0.0,0.0,0.0,0.0,6.0,3.0
490,Kwara,Offa,6,3,9,0.0,0.0,0.0,0.0,6.0,3.0
491,Kwara,Oke Ero,6,3,9,0.0,0.0,0.0,0.0,6.0,3.0
492,Kwara,Omu Aran,6,3,9,0.0,0.0,0.0,0.0,6.0,3.0
493,Kwara,Oyun,6,3,9,0.0,0.0,0.0,0.0,6.0,3.0
494,Kwara,Pategi,6,3,9,0.0,0.0,0.0,0.0,6.0,3.0
495,Lagos,Agege,29,3,32,27.0,3.0,93.10344827586206,100.0,2.0,0.0
496,Lagos,Ajeromi-Ifelodun,29,3,32,7.0,3.0,24.137931034482758,100.0,22.0,0.0
497,Lagos,Alimosho,29,3,32,24.0,3.0,82.75862068965517,100.0,5.0,0.0
498,Lagos,Amuwo-Odofin,29,3,32,0.0,0.0,0.0,0.0,29.0,3.0
499,Lagos,Apapa,29,3,32,11.0,0.0,37.93103448275862,0.0,18.0,3.0
500,Lagos,Badagry,29,3,32,0.0,0.0,0.0,0.0,29.0,3.0
501,Lagos,Epe,29,3,32,0.0,0.0,0.0,0.0,29.0,3.0
502,Lagos,Eti-Osa,29,3,32,0.0,0.0,0.0,0.0,29.0,3.0
503,Lagos,Ibeju-Lekki,29,3,32,0.0,0.0,0.0,0.0,29.0,3.0
504,Lagos,Ifako-Ijaiye,29,3,32,30.0,3.0,103.44827586206897,100.0,0.0,0.0
505,Lagos,Ikeja,29,3,32,25.0,5.0,86.20689655172413,166.66666666666669,4.0,0.0
506,Lagos,Ikorodu,29,3,32,0.0,0.0,0.0,0.0,29.0,3.0
507,Lagos,Kosofe,29,3,32,30.0,3.0,103.44827586206897,100.0,0.0,0.0
508,Lagos,Lagos Island,29,3,32,0.0,0.0,0.0,0.0,29.0,3.0
509,Lagos,Lagos Mainland,29,3,32,0.0,0.0,0.0,0.0,29.0,3.0
510,Lagos,Mushin,29,3,32,23.0,3.0,79.3103448275862,100.0,6.0,0.0
511,Lagos,Ojo,29,3,32,0.0,0.0,0.0,0.0,29.0,3.0
512,Lagos,Oshodi-Isolo,29,3,32,28.0,3.0,96.55172413793103,100.0,1.0,0.0
513,Lagos,Somolu,29,3,32,0.0,0.0,0.0,0.0,29.0,3.0
514,Lagos,Surulere,29,3,32,0.0,0.0,0.0,0.0,29.0,3.0
515,Nasarawa,Akwanga,3,5,8,0.0,0.0,0.0,0.0,3.0,5.0
516,Nasarawa,Awe,3,5,8,0.0,0.0,0.0,0.0,3.0,5.0
517,Nasarawa,Doma,3,5,8,0.0,0.0,0.0,0.0,3.0,5.0
518,Nasarawa,Karu,3,5,8,0.0,0.0,0.0,0.0,3.0,5.0
519,Nasarawa,Keffi,3,5,8,0.0,0.0,0.0,0.0,3.0,5.0
520,Nasarawa,Kokona,3,5,8,0.0,0.0,0.0,0.0,3.0,5.0
521,Nasarawa,Lafia,3,5,8,0.0,0.0,0.0,0.0,3.0,5.0
522,Nasarawa,Nasarawa,3,5,8,0.0,0.0,0.0,0.0,3.0,5.0
523,Nasarawa,Nasarawa Eggon,3,5,8,0.0,0.0,0.0,0.0,3.0,5.0
524,Nasarawa,Obi,3,5,8,0.0,0.0,0.0,0.0,3.0,5.0
525,Nasarawa,Toto,3,5,8,0.0,0.0,0.0,0.0,3.0,5.0
526,Nasarawa,Wamba,3,5,8,0.0,0.0,0.0,0.0,3.0,5.0
527,Nasarawa,keana,3,5,8,0.0,0.0,0.0,0.0,3.0,5.0
528,Niger,Agaie,3,4,7,0.0,0.0,0.0,0.0,3.0,4.0
529,Niger,Agwara,3,4,7,0.0,0.0,0.0,0.0,3.0,4.0
530,Niger,Bida,3,4,7,0.0,0.0,0.0,0.0,3.0,4.0
531,Niger,Borgu,3,4,7,0.0,0.0,0.0,0.0,3.0,4.0
532,Niger,Bosso,3,4,7,0.0,0.0,0.0,0.0,3.0,4.0
533,Niger,Chanchaga,3,4,7,0.0,0.0,0.0,0.0,3.0,4.0
534,Niger,Edati,3,4,7,0.0,0.0,0.0,0.0,3.0,4.0
535,Niger,Gbako,3,4,7,0.0,0.0,0.0,0.0,3.0,4.0
536,Niger,Gurara,3,4,7,0.0,0.0,0.0,0.0,3.0,4.0
537,Niger,Katcha,3,4,7,0.0,0.0,0.0,0.0,3.0,4.0
538,Niger,Kontagora,3,4,7,0.0,0.0,0.0,0.0,3.0,4.0
539,Niger,Lapai,3,4,7,0.0,0.0,0.0,0.0,3.0,4.0
540,Niger,Lavun,3,4,7,0.0,0.0,0.0,0.0,3.0,4.0
541,Niger,Magama,3,4,7,0.0,0.0,0.0,0.0,3.0,4.0
542,Niger,Mariga,3,4,7,0.0,0.0,0.0,0.0,3.0,4.0
543,Niger,Mashegu,3,4,7,0.0,0.0,0.0,0.0,3.0,4.0
544,Niger,Mokwa,3,4,7,0.0,0.0,0.0,0.0,3.0,4.0
545,Niger,Munya,3,4,7,0.0,0.0,0.0,0.0,3.0,4.0
546,Niger,Paikoro,3,4,7,0.0,0.0,0.0,0.0,3.0,4.0
547,Niger,Rafi,3,4,7,0.0,0.0,0.0,0.0,3.0,4.0
548,Niger,Rijau,3,4,7,0.0,0.0,0.0,0.0,3.0,4.0
549,Niger,Shiroro,3,4,7,0.0,0.0,0.0,0.0,3.0,4.0
550,Niger,Suleja,3,4,7,0.0,0.0,0.0,0.0,3.0,4.0
551,Niger,Tafa,3,4,7,0.0,0.0,0.0,0.0,3.0,4.0
552,Niger,Wushishi,3,4,7,0.0,0.0,0.0,0.0,3.0,4.0
553,Ogun,Abeokuta North,6,6,12,6.0,6.0,100.0,100.0,0.0,0.0
554,Ogun,Abeokuta South,6,6,12,2.0,6.0,33.33333333333333,100.0,4.0,0.0
555,Ogun,Ado-Odo/Ota,6,6,12,0.0,0.0,0.0,0.0,6.0,6.0
556,Ogun,Ewekoro,6,6,12,6.0,6.0,100.0,100.0,0.0,0.0
557,Ogun,Ifo,6,6,12,6.0,6.0,100.0,100.0,0.0,0.0
558,Ogun,Ijebu East,6,6,12,0.0,0.0,0.0,0.0,6.0,6.0
559,Ogun,Ijebu North,6,6,12,0.0,0.0,0.0,0.0,6.0,6.0
560,Ogun,Ijebu North East,6,6,12,0.0,0.0,0.0,0.0,6.0,6.0
561,Ogun,Ijebu Ode,6,6,12,0.0,0.0,0.0,0.0,6.0,6.0
562,Ogun,Ikenne,6,6,12,8.0,4.0,133.33333333333331,66.66666666666666,0.0,2.0
563,Ogun,Ilishan-Remo,6,6,12,5.0,6.0,83.33333333333334,100.0,1.0,0.0
564,Ogun,Imeko Afon,6,6,12,5.0,6.0,83.33333333333334,100.0,1.0,0.0
565,Ogun,Ipokia,6,6,12,0.0,0.0,0.0,0.0,6.0,6.0
566,Ogun,Obafemi Owode,6,6,12,6.0,6.0,100.0,100.0,0.0,0.0
567,Ogun,Odeda,6,6,12,6.0,6.0,100.0,100.0,0.0,0.0
568,Ogun,Odogbolu,6,6,12,0.0,0.0,0.0,0.0,6.0,6.0
569,Ogun,Ogun Waterside,6,6,12,0.0,0.0,0.0,0.0,6.0,6.0
570,Ogun,Remo North,6,6,12,0.0,0.0,0.0,0.0,6.0,6.0
571,Ogun,Shagamu,6,6,12,0.0,0.0,0.0,0.0,6.0,6.0
572,Ogun,Yewa North,6,6,12,6.0,7.0,100.0,116.66666666666667,0.0,0.0
573,Ogun,Yewa South,6,6,12,11.0,6.0,183.33333333333331,100.0,0.0,0.0
574,Ondo,Akoko North-East,5,6,11,5.0,5.0,100.0,83.33333333333334,0.0,1.0
575,Ondo,Akoko North-West,5,6,11,5.0,6.0,100.0,100.0,0.0,0.0
576,Ondo,Akoko South-East,5,6,11,5.0,5.0,100.0,83.33333333333334,0.0,1.0
577,Ondo,Akoko South-West,5,6,11,5.0,6.0,100.0,100.0,0.0,0.0
578,Ondo,Akure North,5,6,11,5.0,6.0,100.0,100.0,0.0,0.0
579,Ondo,Akure South,5,6,11,6.0,6.0,120.0,100.0,0.0,0.0
580,Ondo,Ese Odo,5,6,11,0.0,0.0,0.0,0.0,5.0,6.0
581,Ondo,Idanre,5,6,11,0.0,0.0,0.0,0.0,5.0,6.0
582,Ondo,Ifedore,5,6,11,0.0,0.0,0.0,0.0,5.0,6.0
583,Ondo,Ilaje,5,6,11,0.0,0.0,0.0,0.0,5.0,6.0
584,Ondo,Ile-Oluji/Okeigbo,5,6,11,7.0,3.0,140.0,50.0,0.0,3.0
585,Ondo,Irele,5,6,11,0.0,0.0,0.0,0.0,5.0,6.0
586,Ondo,Odigbo,5,6,11,0.0,0.0,0.0,0.0,5.0,6.0
587,Ondo,Okitipupa,5,6,11,0.0,0.0,0.0,0.0,5.0,6.0
588,Ondo,Ondo East,5,6,11,5.0,6.0,100.0,100.0,0.0,0.0
589,Ondo,Ondo West,5,6,11,5.0,6.0,100.0,100.0,0.0,0.0
590,Ondo,Ose,5,6,11,0.0,0.0,0.0,0.0,5.0,6.0
591,Ondo,Owo,5,6,11,0.0,0.0,0.0,0.0,5.0,6.0
592,Osun,Aiyedaade,5,3,8,5.0,3.0,100.0,100.0,0.0,0.0
593,Osun,Aiyedire,5,3,8,0.0,0.0,0.0,0.0,5.0,3.0
594,Osun,Atakunmosa East,5,3,8,4.0,4.0,80.0,133.33333333333331,1.0,0.0
595,Osun,Atakunmosa West,5,3,8,1.0,0.0,20.0,0.0,4.0,3.0
596,Osun,Boluwaduro,5,3,8,0.0,0.0,0.0,0.0,5.0,3.0
597,Osun,Boripe,5,3,8,4.0,3.0,80.0,100.0,1.0,0.0
598,Osun,Ede North,5,3,8,7.0,4.0,140.0,133.33333333333331,0.0,0.0
599,Osun,Ede South,5,3,8,1.0,2.0,20.0,66.66666666666666,4.0,1.0
600,Osun,Egbedore,5,3,8,0.0,0.0,0.0,0.0,5.0,3.0
601,Osun,Ejigbo,5,3,8,0.0,0.0,0.0,0.0,5.0,3.0
602,Osun,Ife Central,5,3,8,0.0,0.0,0.0,0.0,5.0,3.0
603,Osun,Ife East,5,3,8,0.0,0.0,0.0,0.0,5.0,3.0
604,Osun,Ife North,5,3,8,1.0,0.0,20.0,0.0,4.0,3.0
605,Osun,Ife South,5,3,8,0.0,0.0,0.0,0.0,5.0,3.0
606,Osun,Ifedayo,5,3,8,0.0,0.0,0.0,0.0,5.0,3.0
607,Osun,Ifelodun,5,3,8,6.0,3.0,120.0,100.0,0.0,0.0
608,Osun,Ila,5,3,8,0.0,0.0,0.0,0.0,5.0,3.0
609,Osun,Ilesa East,5,3,8,0.0,3.0,0.0,100.0,5.0,0.0
610,Osun,Ilesa West,5,3,8,4.0,2.0,80.0,66.66666666666666,1.0,1.0
611,Osun,Irepodun,5,3,8,4.0,3.0,80.0,100.0,1.0,0.0
612,Osun,Irewole,5,3,8,0.0,0.0,0.0,0.0,5.0,3.0
613,Osun,Isokan,5,3,8,0.0,0.0,0.0,0.0,5.0,3.0
614,Osun,Iwo,5,3,8,0.0,0.0,0.0,0.0,5.0,3.0
615,Osun,Obokun,5,3,8,0.0,0.0,0.0,0.0,5.0,3.0
616,Osun,Odo-Otin,5,3,8,5.0,4.0,100.0,133.33333333333331,0.0,0.0
617,Osun,Ola-Oluwa,5,3,8,0.0,0.0,0.0,0.0,5.0,3.0
618,Osun,Olorunda,5,3,8,0.0,0.0,0.0,0.0,5.0,3.0
619,Osun,Ori-Ade,5,3,8,0.0,0.0,0.0,0.0,5.0,3.0
620,Osun,Orolu,5,3,8,5.0,3.0,100.0,100.0,0.0,0.0
621,Osun,Osogbo,5,3,8,0.0,0.0,0.0,0.0,5.0,3.0
622,Oyo,Afijio,6,3,9,0.0,0.0,0.0,0.0,6.0,3.0
623,Oyo,Akinyele,6,3,9,5.0,5.0,83.33333333333334,166.66666666666669,1.0,0.0
624,Oyo,Asabari,6,3,9,0.0,0.0,0.0,0.0,6.0,3.0
625,Oyo,Atiba,6,3,9,0.0,0.0,0.0,0.0,6.0,3.0
626,Oyo,Atisbo,6,3,9,5.0,4.0,83.33333333333334,133.33333333333331,1.0,0.0
627,Oyo,Egbeda,6,3,9,0.0,0.0,0.0,0.0,6.0,3.0
628,Oyo,Ibadan North,6,3,9,6.0,3.0,100.0,100.0,0.0,0.0
629,Oyo,Ibadan North-East,6,3,9,6.0,3.0,100.0,100.0,0.0,0.0
630,Oyo,Ibadan North-West,6,3,9,2.0,3.0,33.33333333333333,100.0,4.0,0.0
631,Oyo,Ibadan South-East,6,3,9,0.0,0.0,0.0,0.0,6.0,3.0
632,Oyo,Ibadan South-West,6,3,9,7.0,3.0,116.66666666666667,100.0,0.0,0.0
633,Oyo,Ibarapa Central,6,3,9,6.0,3.0,100.0,100.0,0.0,0.0
634,Oyo,Ibarapa East,6,3,9,6.0,3.0,100.0,100.0,0.0,0.0
635,Oyo,Ibarapa North,6,3,9,6.0,2.0,100.0,66.66666666666666,0.0,1.0
636,Oyo,Ido,6,3,9,6.0,4.0,100.0,133.33333333333331,0.0,0.0
637,Oyo,Irepo,6,3,9,0.0,0.0,0.0,0.0,6.0,3.0
638,Oyo,Iseyin,6,3,9,6.0,4.0,100.0,133.33333333333331,0.0,0.0
639,Oyo,Itesiwaju,6,3,9,0.0,0.0,0.0,0.0,6.0,3.0
640,Oyo,Iwajowa,6,3,9,0.0,0.0,0.0,0.0,6.0,3.0
641,Oyo,Kajola,6,3,9,0.0,0.0,0.0,0.0,6.0,3.0
642,Oyo,Lagelu,6,3,9,1.0,0.0,16.666666666666664,0.0,5.0,3.0
643,Oyo,Ogbomosho North,6,3,9,0.0,0.0,0.0,0.0,6.0,3.0
644,Oyo,Ogbomosho South,6,3,9,0.0,0.0,0.0,0.0,6.0,3.0
645,Oyo,Ogo Oluwa,6,3,9,6.0,3.0,100.0,100.0,0.0,0.0
646,Oyo,Olorunsogo,6,3,9,6.0,3.0,100.0,100.0,0.0,0.0
647,Oyo,Oluyole,6,3,9,4.0,3.0,66.66666666666666,100.0,2.0,0.0
648,Oyo,Ona Ara,6,3,9,0.0,0.0,0.0,0.0,6.0,3.0
649,Oyo,Orelope,6,3,9,6.0,3.0,100.0,100.0,0.0,0.0
650,Oyo,Orire,6,3,9,6.0,3.0,100.0,100.0,0.0,0.0
651,Oyo,Oyo East,6,3,9,0.0,0.0,0.0,0.0,6.0,3.0
652,Oyo,Oyo West,6,3,9,0.0,0.0,0.0,0.0,6.0,3.0
653,Oyo,Saki East,6,3,9,6.0,5.0,100.0,166.66666666666669,0.0,0.0
654,Oyo,Saki West,6,3,9,6.0,1.0,100.0,33.33333333333333,0.0,2.0
655,Oyo,Surulere,6,3,9,6.0,3.0,100.0,100.0,0.0,0.0
656,Plateau,Barkin Ladi,3,6,9,0.0,0.0,0.0,0.0,3.0,6.0
657,Plateau,Bassa,3,6,9,0.0,0.0,0.0,0.0,3.0,6.0
658,Plateau,Bokkos,3,6,9,0.0,0.0,0.0,0.0,3.0,6.0
659,Plateau,Jos East,3,6,9,0.0,0.0,0.0,0.0,3.0,6.0
660,Plateau,Jos North,3,6,9,0.0,0.0,0.0,0.0,3.0,6.0
661,Plateau,Jos South,3,6,9,0.0,0.0,0.0,0.0,3.0,6.0
662,Plateau,Kanam,3,6,9,0.0,0.0,0.0,0.0,3.0,6.0
663,Plateau,Kanke,3,6,9,0.0,0.0,0.0,0.0,3.0,6.0
664,Plateau,Langtang North,3,6,9,0.0,0.0,0.0,0.0,3.0,6.0
665,Plateau,Langtang South,3,6,9,0.0,0.0,0.0,0.0,3.0,6.0
666,Plateau,Mangu,3,6,9,0.0,0.0,0.0,0.0,3.0,6.0
667,Plateau,Mikang,3,6,9,0.0,0.0,0.0,0.0,3.0,6.0
668,Plateau,Pankshin,3,6,9,0.0,0.0,0.0,0.0,3.0,6.0
669,Plateau,Quaran Pan,3,6,9,0.0,0.0,0.0,0.0,3.0,6.0
670,Plateau,Riyom,3,6,9,0.0,0.0,0.0,0.0,3.0,6.0
671,Plateau,Shendam,3,6,9,0.0,0.0,0.0,0.0,3.0,6.0
672,Plateau,Wase,3,6,9,0.0,0.0,0.0,0.0,3.0,6.0
673,River's,Abua-Odual,6,6,12,6.0,6.0,100.0,100.0,0.0,0.0
674,River's,Ahoada East,6,6,12,5.0,5.0,83.33333333333334,83.33333333333334,1.0,1.0
675,River's,Ahoada West,6,6,12,5.0,8.0,83.33333333333334,133.33333333333331,1.0,0.0
676,River's,Akuku Toru,6,6,12,0.0,0.0,0.0,0.0,6.0,6.0
677,River's,Andoni,6,6,12,0.0,0.0,0.0,0.0,6.0,6.0
678,River's,Asari Toru,6,6,12,6.0,1.0,100.0,16.666666666666664,0.0,5.0
679,River's,Bonny,6,6,12,0.0,0.0,0.0,0.0,6.0,6.0
680,River's,Degema,6,6,12,6.0,6.0,100.0,100.0,0.0,0.0
681,River's,Eleme,6,6,12,1.0,0.0,16.666666666666664,0.0,5.0,6.0
682,River's,Emohua,6,6,12,6.0,6.0,100.0,100.0,0.0,0.0
683,River's,Etche,6,6,12,6.0,6.0,100.0,100.0,0.0,0.0
684,River's,Gokana,6,6,12,0.0,0.0,0.0,0.0,6.0,6.0
685,River's,Ikwerre,6,6,12,6.0,5.0,100.0,83.33333333333334,0.0,1.0
686,River's,Khana,6,6,12,0.0,0.0,0.0,0.0,6.0,6.0
687,River's,Obio-Akpor,6,6,12,8.0,6.0,133.33333333333331,100.0,0.0,0.0
688,River's,Ogba-Egbema-Ndoni,6,6,12,6.0,6.0,100.0,100.0,0.0,0.0
689,River's,Ogu-Bolo,6,6,12,0.0,0.0,0.0,0.0,6.0,6.0
690,River's,Okirika,6,6,12,6.0,6.0,100.0,100.0,0.0,0.0
691,River's,Omuma,6,6,12,6.0,3.0,100.0,50.0,0.0,3.0
692,River's,Opobo-Nkoro,6,6,12,0.0,0.0,0.0,0.0,6.0,6.0
693,River's,Oyigbo,6,6,12,0.0,0.0,0.0,0.0,6.0,6.0
694,River's,Port Harcourt,6,6,12,6.0,7.0,100.0,116.66666666666667,0.0,0.0
695,River's,Tai,6,6,12,0.0,0.0,0.0,0.0,6.0,6.0
696,Sokoto,Binji,3,4,7,0.0,0.0,0.0,0.0,3.0,4.0
697,Sokoto,Bodinga,3,4,7,0.0,0.0,0.0,0.0,3.0,4.0
698,Sokoto,Dange Shuni,3,4,7,0.0,0.0,0.0,0.0,3.0,4.0
699,Sokoto,Gada,3,4,7,0.0,0.0,0.0,0.0,3.0,4.0
700,Sokoto,Goronyo,3,4,7,0.0,0.0,0.0,0.0,3.0,4.0
701,Sokoto,Gudu,3,4,7,0.0,0.0,0.0,0.0,3.0,4.0
702,Sokoto,Gwadabawa,3,4,7,0.0,0.0,0.0,0.0,3.0,4.0
703,Sokoto,Illela,3,4,7,0.0,0.0,0.0,0.0,3.0,4.0
704,Sokoto,Isah,3,4,7,0.0,0.0,0.0,0.0,3.0,4.0
705,Sokoto,Kware,3,4,7,0.0,0.0,0.0,0.0,3.0,4.0
706,Sokoto,Rabah,3,4,7,0.0,0.0,0.0,0.0,3.0,4.0
707,Sokoto,Sabon Birni,3,4,7,0.0,0.0,0.0,0.0,3.0,4.0
708,Sokoto,Silame,3,4,7,0.0,0.0,0.0,0.0,3.0,4.0
709,Sokoto,Sokoto North,3,4,7,0.0,0.0,0.0,0.0,3.0,4.0
710,Sokoto,Sokoto South,3,4,7,0.0,0.0,0.0,0.0,3.0,4.0
711,Sokoto,Tambuwal,3,4,7,0.0,0.0,0.0,0.0,3.0,4.0
712,Sokoto,Tangaza,3,4,7,0.0,0.0,0.0,0.0,3.0,4.0
713,Sokoto,Tureta,3,4,7,0.0,0.0,0.0,0.0,3.0,4.0
714,Sokoto,Wamakko,3,4,7,0.0,0.0,0.0,0.0,3.0,4.0
715,Sokoto,Wurno,3,4,7,0.0,0.0,0.0,0.0,3.0,4.0
716,Taraba,Ardo Kola,3,5,8,0.0,0.0,0.0,0.0,3.0,5.0
717,Taraba,Bali,3,5,8,0.0,0.0,0.0,0.0,3.0,5.0
718,Taraba,Donga,3,5,8,0.0,0.0,0.0,0.0,3.0,5.0
719,Taraba,Gashaka,3,5,8,0.0,0.0,0.0,0.0,3.0,5.0
720,Taraba,Gassol,3,5,8,0.0,0.0,0.0,0.0,3.0,5.0
721,Taraba,Ibi,3,5,8,0.0,0.0,0.0,0.0,3.0,5.0
722,Taraba,Jalingo,3,5,8,0.0,0.0,0.0,0.0,3.0,5.0
723,Taraba,Karim Lamido,3,5,8,0.0,0.0,0.0,0.0,3.0,5.0
724,Taraba,Kurmi,3,5,8,0.0,0.0,0.0,0.0,3.0,5.0
725,Taraba,Lau,3,5,8,0.0,0.0,0.0,0.0,3.0,5.0
726,Taraba,Sardauna,3,5,8,0.0,0.0,0.0,0.0,3.0,5.0
727,Taraba,Takum,3,5,8,0.0,0.0,0.0,0.0,3.0,5.0
728,Taraba,Ussa,3,5,8,0.0,0.0,0.0,0.0,3.0,5.0
729,Taraba,Wukari,3,5,8,0.0,0.0,0.0,0.0,3.0,5.0
730,Taraba,Yorro,3,5,8,0.0,0.0,0.0,0.0,3.0,5.0
731,Taraba,Zing,3,5,8,0.0,0.0,0.0,0.0,3.0,5.0
732,Yobe,Bade,3,4,7,0.0,0.0,0.0,0.0,3.0,4.0
733,Yobe,Bursari,3,4,7,0.0,0.0,0.0,0.0,3.0,4.0
734,Yobe,Damaturu,3,4,7,0.0,0.0,0.0,0.0,3.0,4.0
735,Yobe,Fika,3,4,7,0.0,0.0,0.0,0.0,3.0,4.0
736,Yobe,Fune,3,4,7,0.0,0.0,0.0,0.0,3.0,4.0
737,Yobe,Geidam,3,4,7,0.0,0.0,0.0,0.0,3.0,4.0
738,Yobe,Gujba,3,4,7,0.0,0.0,0.0,0.0,3.0,4.0
739,Yobe,Gulani,3,4,7,0.0,0.0,0.0,0.0,3.0,4.0
740,Yobe,Jakusko,3,4,7,0.0,0.0,0.0,0.0,3.0,4.0
741,Yobe,Karasuwa,3,4,7,0.0,0.0,0.0,0.0,3.0,4.0
742,Yobe,Machina,3,4,7,0.0,0.0,0.0,0.0,3.0,4.0
743,Yobe,Nangere,3,4,7,0.0,0.0,0.0,0.0,3.0,4.0
744,Yobe,Nguru,3,4,7,0.0,0.0,0.0,0.0,3.0,4.0
745,Yobe,Potiskum,3,4,7,0.0,0.0,0.0,0.0,3.0,4.0
746,Yobe,Tarmuwa,3,4,7,0.0,0.0,0.0,0.0,3.0,4.0
747,Yobe,Yunusari,3,4,7,0.0,0.0,0.0,0.0,3.0,4.0
748,Yobe,Yusufari,3,4,7,0.0,0.0,0.0,0.0,3.0,4.0
749,Zamfara,Anka,3,7,10,0.0,0.0,0.0,0.0,3.0,7.0
750,Zamfara,Bakuka,3,7,10,0.0,0.0,0.0,0.0,3.0,7.0
751,Zamfara,Birnin Magaji/Kiyaw,3,7,10,0.0,0.0,0.0,0.0,3.0,7.0
752,Zamfara,Bukkuyum,3,7,10,0.0,0.0,0.0,0.0,3.0,7.0
753,Zamfara,Bungudu,3,7,10,0.0,0.0,0.0,0.0,3.0,7.0
754,Zamfara,Gummi,3,7,10,0.0,0.0,0.0,0.0,3.0,7.0
755,Zamfara,Gusau,3,7,10,0.0,0.0,0.0,0.0,3.0,7.0
756,Zamfara,Kaura-Namoda,3,7,10,0.0,0.0,0.0,0.0,3.0,7.0
757,Zamfara,Maradun,3,7,10,0.0,0.0,0.0,0.0,3.0,7.0
758,Zamfara,Maru,3,7,10,0.0,0.0,0.0,0.0,3.0,7.0
759,Zamfara,Shinkafi,3,7,10,0.0,0.0,0.0,0.0,3.0,7.0
760,Zamfara,Talata-Mafara,3,7,10,0.0,0.0,0.0,0.0,3.0,7.0
761,Zamfara,Tsafe,3,7,10,0.0,0.0,0.0,0.0,3.0,7.0
762,Zamfara,Zurmi,3,7,10,0.0,0.0,0.0,0.0,3.0,7.0
